customer_id,customer_zip_code_prefix,customer_city,customer_state
I74lXDOfoqsp,6020,GOIANIA,GO
47TuLHF2s7X5,23020,VIAMAO,RS
dQ0dqI8Qwlj8,75094,CAMPINAS,SP
iQCmWhNkIczb,89284,"SANTANA DE PARNAIBA",SP
Dp2g6JH8tO5Z,39810,ARIPUANA,MT
s18Fn5Tz7Jml,65790,"SAO JOSE DO RIO PRETO",SP
9rXAwNe0G0m5,25245,"SAO BENTO DO SUL",SC
o3yCAPMIPtLj,97560,"SAO PAULO",SP
PHGrixjXAt4t,32430,BARUERI,SP
K6lNXbhXbvwg,8571,DIVINOPOLIS,MG
WaitNYVtRT2x,8664,"SAO PAULO",SP
WDjs7f3Yv8Va,26155,"SAO PAULO",SP
ViMUFfeZLwv5,60120,"RIO DE JANEIRO",RJ
ZdAOMosp5YDg,73805,GUARULHOS,SP
jVsS0bHgLHcJ,75440,PALMAS,TO
D1KiQOWblWjh,45037,"PRESIDENTE PRUDENTE",SP
I1orDozbJsZY,3953,BRASILIA,DF
bincH34GAiat,13213,CRICIUMA,SC
J534NgM03SXi,33935,GUARULHOS,SP
11rzNuxGsM6E,7916,ANAPOLIS,GO
AJoqBQ1l9z0V,4747,"JUIZ DE FORA",MG
M5goXy4LtmuO,9040,RESENDE,RJ
eRIr8uMQixin,40390,SALVADOR,BA
ZOgCiosZBHhF,62625,SALVADOR,BA
Do7ckrlRk5rx,35488,"SANTANA DO JACARE",MG
bjThJDPGWpGK,12120,CURITIBA,PR
x15nG700z7OG,95795,"SAO PAULO",SP
Xh2kQlpOqm8I,68195,JACUTINGA,MG
gqBYWjnoUV7B,18900,"RIO DE JANEIRO",RJ
kmlqsg9Gk5uQ,68140,"TABOAO DA SERRA",SP
smZvvNLvV8Ez,9407,"SANTA CRUZ DO SUL",RS
eOL1qbT6GIl5,74150,RESENDE,RJ
8CH2KOo6b3iE,4923,"RIBEIRAO PIRES",SP
PGfqqeXWFN4T,75600,ARACATI,CE
f8I8oYaA7t7w,85025,"VARGEM GRANDE DO SUL",SP
4LCk55VNuZB7,53425,"SAO PAULO",SP
kuB5S1kHsjKK,6220,"PORTO ALEGRE",RS
QGN0QrmHtymT,18108,"BELO HORIZONTE",MG
l7nqhW5os9MR,12924,SANTOS,SP
sQnzUN1MPa8t,15900,LIMEIRA,SP
S728b0DhidXp,1308,CAPELINHA,MG
7HMxp8E7C2sh,4721,SOROCABA,SP
LAEzF0DIX9Ji,4564,MESQUITA,RJ
MzcqTnXLe10i,55410,JUNDIAI,SP
i41FdkGhLoWC,24940,"CORREIA PINTO",SC
8H4jHVTcDgh3,93950,"SAO PAULO",SP
IYhLLNrleCkP,13617,"SAO PAULO",SP
JyQzFoxlhfxF,65077,"SAO LUIS",MA
sOlw163EqSSe,88485,"SAO JOSE",SC
AZn6IjMeDt40,31530,FORMIGA,MG
yQ9oNz28zxfb,2565,"SAO PAULO",SP
Dfs0ckTcmSGd,23898,CAIEIRAS,SP
q0PYd7G5N9MV,72150,RECIFE,PE
BXCHoEYRBIqM,60742,"POCOS DE CALDAS",MG
jbTwou52qAzI,89982,ITAPORANGA,SP
QsxVntH2qe6q,9760,GAROPABA,SC
ARtFmdPvH6OX,36594,"RIO DAS OSTRAS",RJ
sB1x80ZUOPiA,22010,GUARULHOS,SP
ll44jqfknrOb,98175,"SAO PAULO",SP
t1kuXerPhQiB,12305,"JUIZ DE FORA",MG
98aTnBilI6gC,98958,"PRESIDENTE PRUDENTE",SP
IH6W6gExtoPS,44895,"SAO PAULO",SP
tuUud0RWr7f1,86800,"SANTO ANDRE",SP
kIt2LC6KHkff,64047,JANDIRA,SP
QfIM6BS6UQWw,24330,CURITIBA,PR
prSsfCE0cuDh,42701,CAPIVARI,SP
u1tSwHWPaOmG,92440,"SAO BERNARDO DO CAMPO",SP
VkYTBgsP4ahW,4742,CAMACARI,BA
9hLk4KZPIrdp,16013,"MONTES CLAROS",MG
ZNkeoW0v2Yz5,57038,OSASCO,SP
bVEGh3nqaNyK,27655,IVAIPORA,PR
4nWN1nYcBUUM,1129,"SAO PAULO",SP
CJBe5YcVa8BV,13081,PATROCINIO,MG
njO6UF6KC5oM,26584,MENDONCA,SP
vGbrlOwsJGNT,37517,"TELEMACO BORBA",PR
kRrMY3t755nL,38182,"JOAO PESSOA",PB
FB4qoCQtY78b,68580,MARINGA,PR
XUVgmhKGTlCU,39340,"RIO DE JANEIRO",RJ
FRenfQXwKTr2,9619,LINS,SP
qXd5XyJFHOOH,65950,"PONTA GROSSA",PR
KBYhryQMswGj,12324,ARARUAMA,RJ
InzL2EFfs1Z4,73015,FAXINAL,PR
TLcN4gqrngCZ,70383,"SAO PAULO",SP
ZXGtgz22ZuTc,11618,OLIMPIA,SP
10CMmu85B1xh,3883,GUARULHOS,SP
950pNgLYvrUB,37466,"SAO PAULO",SP
GyQLgLcEsyyk,35685,CUIABA,MT
R0hdk8rOTHCx,4565,BRASILIA,DF
f2XW6ZIEWnk2,3374,BURITAMA,SP
P101VTJljiqW,72510,CANGUCU,RS
oEEHeCpHvpTJ,18890,"SAO PAULO",SP
sQ58Z70GxzD1,44135,PINHALZINHO,SC
2wl1V2O532Ne,6887,"JUIZ DE FORA",MG
lkeyEiK1e5yg,2964,CURITIBA,PR
bCn2jXaQK8n2,3617,BRASILIA,DF
PCtRlALJAqIy,28664,ARACAJU,SE
GIo0gCA7DZwJ,46550,"SAO PAULO",SP
OZVsT3BLq9H2,12924,SANTOS,SP
j796RyTU4D9J,19200,"BARRA DO PIRAI",RJ
sNvreFY4xGGx,6236,SUZANO,SP
Of9TY1egrbYl,5162,GUARUJA,SP
rVpZ5iyUcDs1,3510,GOIANA,PE
GCIHYuqgJO4m,7430,"TABOAO DA SERRA",SP
UaYsJO1dP5iW,16902,VINHEDO,SP
6qgZyqFsEr8W,2046,PIRACICABA,SP
mPVFphfpomAt,23062,MACAE,RJ
wtZTUGiZB7cc,52030,BETIM,MG
qK7oy4s5YyXx,4202,"SANTO ANDRE",SP
kLnTz5KGD1RN,91790,"SAO JOAO DA BOA VISTA",SP
BDfHue7TLPbA,95520,COCAL,PI
pr9d47fsvAOA,9603,MANHUACU,MG
G1Bo4rtOPOUV,68514,"RIO DE JANEIRO",RJ
ntLORCsAAxkl,9974,CAMPINAS,SP
Wzt8Wnmh39R5,88865,CAMPINAS,SP
IbNmDM5pVSuW,60734,"DUQUE DE CAXIAS",RJ
2BDSGrKxGvBM,18217,BETIM,MG
zzXJDr2XBrBa,40320,AMERICANA,SP
wL6AVErEnDEN,4853,"SAO JOSE DO RIO PRETO",SP
MH8RBjpM8eLq,19015,"SAO PAULO",SP
DVWp3lrKeGtO,80310,CAMPINAS,SP
nwe6tWyEFgKX,30494,ITAPEVA,SP
ZnWtfiYU2gmJ,90090,"SAO PAULO",SP
184l4HeebUUs,7438,"TRES LAGOAS",MS
rrVwfYACf06j,78237,CAMPINAS,SP
5I8T5HbvLcxV,8555,FORTALEZA,CE
gc5eu2jRP8Ue,2817,"SAO PAULO",SP
YRGRe4QsNriT,7867,BOCAINA,PI
mgzE1mWPrm0b,37115,TERESOPOLIS,RJ
YMfJQ9PazlYb,3157,GUARATINGUETA,SP
ogasrBdboH6w,6142,EMBU-GUACU,SP
W2VQOt7KVy6H,4184,BETIM,MG
IirLNRdsUxR3,45000,"SAO PAULO",SP
t26lZBwvRhG4,75813,"SAO GONCALO",RJ
BTGQBnuBkWTP,9619,LINS,SP
JqvcHU6MeNPY,13880,"GOVERNADOR VALADARES",MG
vRbt7lQwnXRq,11070,"SAO LUIS",MA
ExANiT3OIbOY,37407,COSMORAMA,SP
VMGiDteguIiv,76300,"RIO DE JANEIRO",RJ
LlA9gb5gFVGc,12060,RAPOSOS,MG
CpEHH3xqcozm,1454,VITORIA,ES
oO7bOdpWgnYb,3050,"TRES MARIAS",MG
D3m8aT6XucbW,39472,"TABOAO DA SERRA",SP
aijopZ8MSdrR,72318,CURITIBA,PR
L4YypNLTXp74,1429,TATUI,SP
tdPbY5RvYiew,62030,"OURO PRETO",MG
YActXwv3Y5Gi,63046,PINHAIS,PR
AGCtVipzoiOF,58540,"RIO DE JANEIRO",RJ
ILQa3Kn6bDI6,81560,"SAO GONCALO",RJ
g96IscN82qaH,45600,LONDRINA,PR
rkwgauHpsbI2,25802,"SAO PAULO",SP
jyMYviDKWitg,41770,"JABOATAO DOS GUARARAPES",PE
Ohw8sDco6bPu,79084,"SAO PAULO",SP
YDUVSDBuTWfM,86708,"RIO VERDE",GO
KpXnUCYEfrXH,17026,"SANTA MARIA",RS
vyYSsscIhCiO,77026,CAMPINAS,SP
lSomgOsTCP4U,31980,"SAO BERNARDO DO CAMPO",SP
fdOB1jOqBSQS,71572,"SAO PAULO",SP
9AU7CfR0udf7,96170,APUCARANA,PR
f3tYfLzojNVI,77330,"POCOS DE CALDAS",MG
HJYGjBBwZZtF,89030,SARANDI,PR
5l068RJToruk,92990,"SAO PAULO",SP
m3rvPRXOZVMK,12904,"SAO FIDELIS",RJ
bVaYS9waa2sh,18304,GUARUJA,SP
ggRUhTY47BvS,11081,"RIO DE JANEIRO",RJ
tNTik5aFiRfV,35662,"SAO PAULO",SP
swwLA3wfsrzU,83030,TOLEDO,PR
bP5kiwkaCqIi,13479,"SAO PAULO",SP
E0YjDtmJ2tu9,60540,"SAO PAULO",SP
x4Koq5pqV2iA,36660,"CAMPO DO MEIO",MG
VQmOdb97L3NX,64804,PAULINIA,SP
rWQ5DmfRpEHX,70833,"BELO HORIZONTE",MG
7tHlpp9PIsDJ,25036,JUNDIAI,SP
ZjkS1jjTW4ei,40243,CURITIBA,PR
3ygMHzAu6iPq,4545,MACAE,RJ
6qV1JAlxvACX,58195,FERNANDOPOLIS,SP
xt2w5DiNag1t,72899,IRANI,SC
V2raysQanXud,4582,"NOVA ESPERANCA DO SUL",RS
BsmOTC1b93g1,13015,COTIA,SP
0ppLSIt4btFY,6435,"SAO PAULO",SP
31A7FiOQoCnn,90200,"TABOAO DA SERRA",SP
Ivtp0KMG7fRV,3383,"SAO PAULO",SP
RaooSyuOMPGV,8579,"SAO PAULO",SP
PYIfk4aezkrI,94040,"SAO PAULO",SP
zdKG9apl6jIZ,83480,"FOZ DO IGUACU",PR
Xv2LLvsTB2Wn,25980,CAMPINAS,SP
XaUlNzHILmZh,93804,"SAO PAULO",SP
5mXDJ6NmcXmv,38745,"RIO DE JANEIRO",RJ
g6qtNzCdXU0C,17522,"TRES BARRAS",SC
soLxGcdOU73S,61658,"FEIRA DE SANTANA",BA
OPPFYEAWif9X,56330,"SAO PAULO",SP
sM9kRw53gwad,1451,"SAO PAULO",SP
D4iBJgP2KjHq,1454,VITORIA,ES
o0gnecAFdlJB,58233,"SAO PAULO",SP
nPfVkqhhWTwb,49700,"SAO PAULO",SP
uzQYBbMbMPMF,60767,"SAO JOSE DO TURVO",RJ
Jxy8uod7ozFs,13221,CONTAGEM,MG
oAZ7OCWKsoDv,85023,LAGES,SC
0ElCR6lB1a8Z,63580,"RIO DE JANEIRO",RJ
jye5qp1Wu0FI,97690,"SAO BERNARDO DO CAMPO",SP
RUpwIYbtZ0l3,41706,"SAO PAULO",SP
4MBF3DUDYYV5,89633,"SAO LEOPOLDO",RS
7LX2ffZwwzuW,8321,"RIO DE JANEIRO",RJ
ufeA6XZUvEln,40260,"SAO CAETANO DO SUL",SP
vOL6Nxc99z2n,2873,SOROCABA,SP
YNBaU2euoQ3y,89809,"SAO PAULO",SP
f3hY5LK6K2rT,6767,ITAPEVI,SP
mN9bdCM7GgFE,83323,"SAO PAULO",SP
gN5WSy7WygiK,4135,DIVINOPOLIS,MG
8Cp259DS3W4b,26310,"SANTOS DUMONT",MG
vBXAF0ljQOn7,3759,IPOJUCA,PE
nmYbYIE684Jz,18119,GUARULHOS,SP
gjw2ezpSJvR1,9682,TERESINA,PI
ALDvocEtJSSN,3102,"RIO DE JANEIRO",RJ
rl6DXFwpoeWA,81670,"JARAGUA DO SUL",SC
aR68UXjxXjsQ,89295,PANORAMA,SP
FE792HtGAt71,2525,"BELO HORIZONTE",MG
flrMa2cVRj8c,55034,JACAREI,SP
vVnbcPACiUlO,4502,"SAO PAULO",SP
6Oyl3eGtC0gr,49520,"FEIRA DE SANTANA",BA
TrLRMUdWaQHx,22740,"BELO HORIZONTE",MG
UXs8qnVOI84S,38406,"SAO LOURENCO",MG
YFoKoWL2X75t,23933,"SAO PAULO",SP
dNFSFbNcvQEX,11473,GUARULHOS,SP
0fbv2MuqXbqx,27915,ARAXA,MG
FmvgV0A44TaS,80030,BRASILIA,DF
NA6521waTjnZ,58033,"NOVA FRIBURGO",RJ
IVuCRVIA6rml,8766,"SAO PAULO",SP
AU4iqmURZEnJ,75094,CAMPINAS,SP
D5dB0pZa5zho,65072,"RIO DE JANEIRO",RJ
XrmOwIWMgFTS,53530,LINHARES,ES
y510OvWhsolR,5451,DIADEMA,SP
lNyehspOb9Lz,7813,"SAO PAULO",SP
snGOZiHSdoKM,38760,CAFELANDIA,SP
UWI2mBhl2d8P,6858,JOINVILLE,SC
YfN1DeT1YGiY,3892,"SAO PAULO",SP
sKwLXkyBq5VP,69033,ITABUNA,BA
FTEqFKZluPxz,28942,BRASILIA,DF
ZQ37SMSff5yt,35115,BOTUCATU,SP
rYsVZieS9YlZ,78237,CAMPINAS,SP
bBdaOit4rJ29,6332,TAIO,SC
CgPeFU7Ho2Fc,88025,SERRA,ES
Xhqij3xorJCW,3452,TUBARAO,SC
tF7F4FFz5AeL,6010,UBERLANDIA,MG
CoxzTPZu9637,3336,"CAMPO GRANDE",MS
qeZCC3BlcACE,16204,"VILA VALERIO",ES
xCe2rNxNNeZ9,4865,"ENGENHEIRO PAULO DE FRONTIN",RJ
FIAgvkiG0Rn7,37002,ANANINDEUA,PA
N8AWnnTb2KYi,89663,"BELA VISTA DE GOIAS",GO
mNPCM1Ff7p26,8571,DIVINOPOLIS,MG
McoxVVasu414,59054,"CAMPOS DOS GOYTACAZES",RJ
PE1IpEwfQWnD,96545,MOSSORO,RN
xh0hGOWQ4po2,68464,"SAO JOSE DOS CAMPOS",SP
gHYOH8lHMYWj,8566,ITU,SP
tgOqRS1ySu2E,68903,"SAO PAULO",SP
WZu0l2oQ9c3C,86818,PALHOCA,SC
JwaxDDor8HJS,19034,"NOVA IGUACU",RJ
E7RspGp8H7WD,12239,MARILANDIA,ES
6E5nlCKrnHEf,1518,"SAO PAULO",SP
PxOk1wdyXOy8,1228,CAMPINAS,SP
UuPk1acPQ0gs,79904,"SAO ROQUE",SP
0M1jsLTW6b5V,87020,"SANTO ANDRE",SP
1MA6mCBkIMCr,75110,"SANTA MARIA",RS
96IzdLOFjMzC,74140,"SAO PAULO",SP
Rc0LLFq6sTnx,33015,"CAMPOS DOS GOYTACAZES",RJ
bhLhyyAfQ0ha,30644,"SAO JOSE DOS CAMPOS",SP
bj4nV5oi64BU,2411,"JARAGUA DO SUL",SC
NqDXxqVlSI4S,72899,IRANI,SC
OBCnsVkkH31c,74030,"SAO VICENTE",SP
DSNpwUg48E10,90450,"BRAGANCA PAULISTA",SP
0L9kj9ss3U8X,41906,MAGE,RJ
JNwZxN5F26XN,11380,"SANTANA DE PARNAIBA",SP
Fw75b7PhIH2s,65605,MACAE,RJ
RsKKhLOuYvRj,45750,"SAO PAULO",SP
li6n11KfL9qe,13840,"JUIZ DE FORA",MG
1uoZyUZ8ofd8,66050,"SAO PAULO",SP
QIq0mujA0XNC,86077,"SANTO ANDRE",SP
13QC1AOX58yu,81450,PETROPOLIS,RJ
Vgyfmb4nYOoj,8545,CONTAGEM,MG
RHJ0CL41nYe1,48130,SABARA,MG
xV6mRxIQbW8x,26535,"RIO DE JANEIRO",RJ
pDuKFS4bqSbx,95500,"RIO DE JANEIRO",RJ
guvHjqqiGGYD,16305,"SAO PAULO",SP
zaQlKYHHyUFT,82310,NHANDEARA,SP
4vxo2lLXmhJg,12630,"SAO PAULO",SP
CXhBTYB1j7es,72915,IMBE,RS
f8TCXhL2ohSn,97340,SALVADOR,BA
0HOc4IVAMvcc,4013,PIRASSUNUNGA,SP
UHlLgh1aBsVI,68372,BRASILIA,DF
wWrDFiKC8SqR,97930,"RIBEIRAO PRETO",SP
xemFKlPpjf1O,1144,"SANTO ANDRE",SP
HWooUBgyBrJU,29360,"SAO PAULO",SP
Rq3VTAVc4cEX,8250,"PRESIDENTE PRUDENTE",SP
BkrFAZLNaKP8,77725,"SAO PAULO",SP
EbO7yiSrYEwd,99072,GUARULHOS,SP
xDaUEW904mou,87528,CUIABA,MT
yg2g0mAhx5T1,5836,CARAPICUIBA,SP
Qepcd09PiBVh,26261,PETROPOLIS,RJ
7EoYi1dl0ZlZ,40255,BELEM,PA
60KylWXGYQWc,4360,SUMARE,SP
oEsDVgcHUH2R,61631,BAURU,SP
KE0ldMSkJ7ON,3223,ITAPEVA,SP
DPGuqDFQ5v6X,59078,"RIO GRANDE DA SERRA",SP
JSMHxsrux4bk,63907,"PORTO ALEGRE",RS
MT2XwzRoueKM,64082,"CACHOEIRO DE ITAPEMIRIM",ES
eOV9utT5xYwu,79785,NITEROI,RJ
B0HWFSoHNCtv,5621,"NOVA PETROPOLIS",RS
G7ctZMVXvhq5,3437,"FRANCO DA ROCHA",SP
snqBXMdSjEzu,87070,CARAPICUIBA,SP
QBpRMQRMpteB,74393,"SAO PAULO",SP
CERpOcaKTlre,69906,"RIO DE JANEIRO",RJ
uCT2w9ezPhij,3412,TATUI,SP
23k82QBZZMgO,72502,INDAIATUBA,SP
wZtFhTNeKgAc,44710,"SAO PAULO",SP
E5kdkpZwpAQi,26285,"SAO PAULO",SP
giIQsy9NZbQX,51111,"RIBEIRAO PRETO",SP
kYXwNMuLFLYH,3310,PARNAMIRIM,RN
kaJ5Kr5w3fTS,2754,ARAPONGAS,PR
7cVstwXEHt8D,55863,PETROLINA,PE
uHHxWXPtKeGU,26325,"SAO JOAO DA BOA VISTA",SP
mHwSTsg4zuic,14702,CURITIBA,PR
q3SR383yIm4p,83035,PENHA,SC
ZcgwaiAcfiU4,9974,CAMPINAS,SP
oxt0oCiHjXqv,27211,"SAO PAULO",SP
SDZ9cjZvkpjT,2541,CANAVIEIRAS,BA
xaKhF2p20DS4,11432,"RIO DE JANEIRO",RJ
H78oIa2WtYqp,36510,"BARRA DO PIRAI",RJ
NwCPzSKKEvVp,35032,TIMOTEO,MG
GffvnWbtrKlT,94451,"SAO BERNARDO DO CAMPO",SP
nbKzQ0AuCDl0,29153,"EMBU DAS ARTES",SP
TeK8Gd0TnsHQ,2525,"BELO HORIZONTE",MG
0umHcduJWwGe,27210,BRASILIA,DF
5YiamV3feycE,39780,"BELO HORIZONTE",MG
kE9B2mavut7o,13503,"DOMINGOS MARTINS",ES
6zU2Rbui6nk7,2185,JUNDIAI,SP
9opodpHpLahP,36061,ARAGUAINA,TO
Sn3F2BTGEflH,5470,"SAO PAULO",SP
Riy0bJoX1wnl,1454,VITORIA,ES
iLswctj4iZW9,60521,GUAPIMIRIM,RJ
gAcLsepZ6u04,3564,"SAO PAULO",SP
YpygInCyIABs,64212,"SETE LAGOAS",MG
i8807OfGgRJf,6097,GUARULHOS,SP
ieUAQ43ejQw3,3962,"RIO DE JANEIRO",RJ
jMqgkqkIJ80D,25912,CAMPINAS,SP
1kGWwLW5T3we,99712,"SAO PAULO",SP
nrFUBlp65IwQ,2375,"SAO PAULO",SP
ygcCWf4Rr1VJ,89172,"SAO PAULO",SP
olch8MXnY65j,78240,TIJUCAS,SC
VJA6oIHecZYi,81750,BAURU,SP
SGDdbOOsBk5s,6504,"RIO DE JANEIRO",RJ
ZhRjHAWIJxTK,25937,"SAO PAULO",SP
Ng1SJFwi6dFk,96080,"ESTIVA GERBI",SP
u9EyJzrNg2zv,81470,"SAO JOSE DOS CAMPOS",SP
UuNoFHtGgvvb,28911,MARINGA,PR
zfmdcVbSSus7,71670,TIMBO,SC
PANMc146THkP,72316,"SAO BERNARDO DO CAMPO",SP
qXYnpnE0nCal,25223,CANELA,RS
vQrrk38FZuh8,31980,"SAO BERNARDO DO CAMPO",SP
vLMSjl5yBBFP,13401,SALVADOR,BA
wjDaijWsAj5X,4536,PARANAPANEMA,SP
zBqe5xiUeAlo,59810,CLEMENTINA,SP
6zr5eWK1Y332,21520,CURITIBA,PR
PNf7W4oLWTmj,78048,"NEVES PAULISTA",SP
pnN4Afjxxc5C,46360,OSASCO,SP
dfjPww0DDb3c,84430,"SAO PAULO",SP
bBA9OtLF72Db,72304,"SAO CAETANO DO SUL",SP
NmDQzzmsHDtt,31080,"SAO PAULO",SP
3GU8kwxR1g2K,59135,VALINHOS,SP
P2NVqYwpRocO,83605,ITAGUAI,RJ
RaOkWsPxWyfH,7991,"RIO DE JANEIRO",RJ
QLnKaIJPjRWE,66050,"SAO PAULO",SP
scToOw5NHiTB,4911,ATIBAIA,SP
SdT0o45Yj8Bf,11740,ARAGUARI,MG
WS2peMiof7Jm,36784,"SAO PAULO",SP
AOPKEr0hKCMe,96925,"TABOAO DA SERRA",SP
OwSYb7TQ6Qih,98760,MARILIA,SP
yDcfi3bn2Mbo,55298,SUZANO,SP
PzA9CgfociwL,60348,"SAO PAULO",SP
fgevX8sCnX1f,5711,TIMOTEO,MG
hNuB8KvLDzYW,32150,ITAUNA,MG
HweMwcogYLKJ,6770,TAUBATE,SP
PszxF4Xb9ctj,12230,"MARECHAL CANDIDO RONDON",PR
v2R0fpWKdwHZ,76230,"VITORIA DA CONQUISTA",BA
p9mGwivQnDh0,4144,FLORIANOPOLIS,SC
W8stm8LxzTFi,5399,MARILIA,SP
j26717L6pPO3,68420,"CAMPO GRANDE",MS
D0GjGoIKnkeD,78335,"POUSO ALEGRE",MG
6BMV1F1V5wnL,4068,"RIO DE JANEIRO",RJ
0uMVadewWdrQ,39518,CAMPINAS,SP
0PXNy4rCS7Az,81510,PORTAO,RS
krxFfDYCmO1I,97574,"RIO DE JANEIRO",RJ
mzgTWjD8jrJ2,2525,"BELO HORIZONTE",MG
0blmlaFl7t16,4154,"BELO HORIZONTE",MG
s3kQ0WA0Kjro,58690,"SAO PAULO",SP
ZjkZbnXTUK4W,59670,RECIFE,PE
l1hOG9K0NNqu,61902,"SAO PAULO",SP
Y2A89lImWjiS,12324,ARARUAMA,RJ
jherbbCbG8o6,64212,"SETE LAGOAS",MG
QN2HOF65CBq7,8576,"SAO DOMINGOS DO NORTE",ES
61cCgU18Ntms,5569,"BELO HORIZONTE",MG
kY5nqxgcLJoz,4735,QUEIMADOS,RJ
waCHPsPDrChV,38240,CAMPINAS,SP
pM4lx1qz46jM,2169,"RIO DE JANEIRO",RJ
7udbJtvDx5rR,12060,RAPOSOS,MG
yBWZB71df8Uf,4174,"CAXIAS DO SUL",RS
DFJtBJ9KFqwU,95702,"SALTO DA DIVISA",MG
5AuZqZudAJUN,5302,"SAO PAULO",SP
biJFYDs6oiV6,45200,"RIO DE JANEIRO",RJ
TdWm0VAAJjOj,68750,"CACHOEIRO DE ITAPEMIRIM",ES
piSl4rs2CWNW,58401,NEROPOLIS,GO
Z65JSmhww26s,8795,"SANTO ANTONIO DE PADUA",RJ
H2jk9bLzQo6c,29020,"RIO DE JANEIRO",RJ
Qs8Qp2kpNGpB,1431,TATUI,SP
I82u5GRP33b2,77423,"RIO CLARO",SP
DQeaJZAowYD5,24805,"BELO HORIZONTE",MG
IpebbBc3BLJY,65935,ITAPOLIS,SP
LWaxzDw6sbhb,84036,"RIO DE JANEIRO",RJ
1wNR2RRhrf1e,79013,"SAO PAULO",SP
Xx7In061BRVv,11721,"PORTO ALEGRE",RS
EHmzMPGDA2Q1,2033,"SAO PAULO",SP
qZP8L6EdGnPT,2419,"SAO PAULO",SP
7ZhRvBN33Ppu,77425,"SAO VICENTE",SP
lMploIEDE5t1,3871,"SAO JOSE DOS CAMPOS",SP
nmfHLDmLcYnN,34007,"SAO PAULO",SP
NCLtw782Z90c,95042,"RIO DE JANEIRO",RJ
98lbvr6LlRNI,3610,VALINHOS,SP
bgk8dKC9BdcZ,99855,BELEM,PA
6vYncTxcoCIc,37022,"SAO PAULO",SP
aAj2k8faWxXx,3871,"SAO JOSE DOS CAMPOS",SP
c411do2kUza9,3911,"SAO PAULO",SP
nstrXV11Eh1d,44075,"VILA VELHA",ES
eeVq3V5ZvMJc,86700,ITUIUTABA,MG
PoAjMzkCDy4f,26311,GUARAPUAVA,PR
C4n3HzQPSwgj,85887,"SAO PAULO",SP
a4bX6IpBfAgy,26110,BARUERI,SP
tDPLnreg8my3,17066,VOTORANTIM,SP
Gk7XFQagzvBP,84026,ITAQUI,RS
q3sqcZM697pE,59135,VALINHOS,SP
wGe7JNvnTjzS,3474,"BELO HORIZONTE",MG
UoaCMr5bDUEM,13872,"SANTO ANGELO",RS
Kpz2hTznEFNM,13973,"CRUZ ALTA",RS
QfBRR8FjtOuO,49750,"SAO JOSE DOS CAMPOS",SP
mgCe0f5l5E5V,4134,ARARANGUA,SC
O97DkFr5B7D6,54250,"BELO HORIZONTE",MG
9nMrNayWAXwa,55030,"SAO PAULO",SP
Z1jdDJ1gk4DK,6787,BRASILIA,DF
YjMdFpfohOvw,65220,PEDREIRA,SP
HYefMMqVhyWE,90160,OLINDA,PE
hyuHx1hjQZlK,38490,"BELO HORIZONTE",MG
93KVAyrLIcyV,11020,"SAO PAULO",SP
pSrScTePVQM4,31050,SALTO,SP
yw0CT8pn6dpv,79075,"SAO PAULO",SP
tM3WtkYRnmuM,4788,"NOVA FRIBURGO",RJ
NtTT0puoTuuc,26600,BIRIGUI,SP
g1ClhNQGYa3r,69934,"SAO PAULO",SP
51oOYjDzJIz9,35032,TIMOTEO,MG
xCRM2rFEJCov,84026,ITAQUI,RS
FJh5L8jb0KBQ,52160,TUPA,SP
LiFtXPEaDO4o,97280,"SAO PAULO",SP
OiYtgsN3div6,6016,GUARUJA,SP
iXz0W1guZQsK,64046,BELEM,PA
Mtk3UaFqG8Op,4651,"BRAGANCA PAULISTA",SP
h8uikEDooCbh,11081,"RIO DE JANEIRO",RJ
D5NOgeWJP181,12423,GUARATINGUETA,SP
GpX7D8Xva7is,58225,PIRAJU,SP
NUjfM1LKqlKe,99170,"BELO HORIZONTE",MG
uXCGChk8sbU2,36790,SALTO,SP
YfqYflgWn8vR,74415,"RIO DE JANEIRO",RJ
WTzdx8UsSArn,26580,ARARAQUARA,SP
dfCYtJZA8PwW,3370,SOROCABA,SP
bnWxfj1QJaQ2,40455,ESMERALDAS,MG
uIllvYAkW1It,97037,GUARA,SP
08P6RYX9xF6I,35668,BRASILIA,DF
Q2l45qCWP9C9,9139,"PINHEIRO MACHADO",RS
urWt6st0JK0H,58432,FORTALEZA,CE
XhA3UwKFyOGF,99030,"BELO HORIZONTE",MG
UBiiJl88CwoU,36415,BOTUCATU,SP
B54uUcMMTmZ3,64212,"SETE LAGOAS",MG
zkgT067sA725,12090,"SAO JOSE DO RIO PRETO",SP
rxmFMezo5EAb,92340,ANAPOLIS,GO
pWuRLR9BGUk8,56326,CIANORTE,PR
PWFcU40dBS2N,14670,SOROCABA,SP
wiGzovyzf5ut,75890,MAGE,RJ
aXaVwHrtUvGo,46550,"SAO PAULO",SP
oJVFQ1PPSiqX,33930,"RIO DE JANEIRO",RJ
kvcDm2olOrJR,29042,"CAMPO BELO",MG
jxJBYwNPDV3Q,89245,SILVIANOPOLIS,MG
gN6eHLJGEJnj,27536,COTIA,SP
YO82MSPOrIq8,3910,ORLANDIA,SP
hL12nYYh3YZG,4963,UBERABA,MG
kf7ws4dHGlN9,91150,"SANTO ANDRE",SP
rU97iAWjKxcE,58570,BRASILIA,DF
au6ZkjaFjLAc,13470,CRUZEIRO,SP
JLs6RPQchsAa,17017,GUACUI,ES
SNhTrBtef2Vr,48895,"OURO BRANCO",MG
aL9RAULckrK3,74672,"RIO DE JANEIRO",RJ
VVn7erkSk7l4,55250,ITABIRA,MG
Jxs7swrthdtq,6142,EMBU-GUACU,SP
f6Ww1m9rUCYJ,88763,CURITIBA,PR
fJX5dZ2JSLKb,44571,"DOIS VIZINHOS",PR
m6K5ibpji1Aw,18054,ILHEUS,BA
UARS3Izr5bwt,5081,"CAMPOS DOS GOYTACAZES",RJ
oaMEjWVeivvp,2848,"MOGI DAS CRUZES",SP
785QLPMbRzXe,89160,JANDIRA,SP
ffzfunI2TNvC,50740,VOTUPORANGA,SP
kDeRn5clu5d1,11725,CASCAVEL,PR
axl2XzOfh9m5,69077,"CAMPINA GRANDE",PB
n2VTbNDEA1jK,12032,"SAO PAULO",SP
9BvxzrpUAldI,27258,SOROCABA,SP
BnfT6QMLWklC,88106,FERVEDOURO,MG
Jz8RapBBedv6,13069,SARAPUI,SP
2LmbYodj2JZd,2634,BETIM,MG
IQPWnol52gR9,21241,CAMPINAS,SP
Ya7oNfV8gbvS,64017,CURITIBA,PR
jYso1n3HbVEp,3221,"SAO PAULO",SP
9cI6ZLmmRsBd,66060,SOROCABA,SP
EbLHlx2GoD5G,38950,BARUERI,SP
WSM2iHJJFF73,18108,"BELO HORIZONTE",MG
agw0AzrkgJVs,32430,BARUERI,SP
DxGARFATZz08,19014,"RIBEIRAO PIRES",SP
PoQx4Efo3jac,29820,PIRAI,RJ
juEs5JomecNZ,3121,CUJUBIM,RO
M7mugboNEwhH,94770,"PRESIDENTE PRUDENTE",SP
ms3vOBVNSt9I,45545,TEOLANDIA,BA
xLBNhTP9TUVC,36406,BRASILIA,DF
Yx3LJKk3jAfP,72465,ITAQUAQUECETUBA,SP
lrz2UMctrAfI,11461,"SAO PAULO",SP
SqPFoVKJk683,79415,"SAO BERNARDO DO CAMPO",SP
rBsSfaw8xdT9,58027,"RIO DE JANEIRO",RJ
dR78n6kqRavg,84950,"LAVRAS DO SUL",RS
Ub1OkOAoC93N,6858,JOINVILLE,SC
xtTQFcyuQmG4,3110,"CABO FRIO",RJ
09oJGwMSqSBE,37750,"PORTO ALEGRE",RS
HNReMJSViwju,81530,"CORONEL FABRICIANO",MG
eMZePIcv2RyT,93218,"SAO PAULO",SP
LWSEcXx2QlT6,84400,"PATO BRANCO",PR
J3mMhQiqLMis,36772,FORTALEZA,CE
zJC4GgA8fo4u,25956,"SAO CARLOS",SP
noL0ax3QYlCv,16980,"RIO DE JANEIRO",RJ
HTZ1kvhdSPMD,5408,"DUQUE DE CAXIAS",RJ
zOb3V18UxbMZ,45325,MACAE,RJ
MvjlVdOZZdbQ,5609,GUARULHOS,SP
U7SvpsFMYlpX,3333,ITATIAIA,RJ
Tr6WTjYA4htg,13030,CASTANHAL,PA
hR4Y4pGLAoiQ,54120,"SAO PAULO",SP
IC62563exeCq,54740,BRASILIA,DF
iK8mH4Gy3d4u,3912,ITAJUBA,MG
oC0yQMJuQYPl,26084,"SANTO ANDRE",SP
lnz8NjKbJ6Be,1228,CAMPINAS,SP
ELAnoQ4qB9Xy,99255,"MATEUS LEME",MG
rDLmZ8USZkzV,2714,SOROCABA,SP
3O3jhR4XlWWN,38411,"SAO PAULO",SP
weANExyWZGBY,82920,"SETE LAGOAS",MG
JJebsIs4erEk,5021,BELEM,PA
cTZmpvyqCj8l,49750,"SAO JOSE DOS CAMPOS",SP
tSxFcQPFuVa4,7861,"PORTO ALEGRE",RS
Qmi0MGC0crZs,86850,"SAO PAULO",SP
qHUs6eEl0XDa,11920,"SAO PAULO",SP
4DCGNNF7GGzX,3320,VERANOPOLIS,RS
DikIewYqnJ3l,81670,"JARAGUA DO SUL",SC
A8FQhNUYVExn,37044,BRASILIA,DF
KHEKGqxkVqcn,31950,GUARULHOS,SP
U3nMSf4RyGvc,2213,"NOVA LIMA",MG
d5D04S98DzyM,7092,VALINHOS,SP
ZpFCW8iQ84Bi,4854,UBERLANDIA,MG
yKoyoEu6RGFw,57038,OSASCO,SP
FnHdpQjqgcQy,18043,"NOVA IGUACU",RJ
VoBCoajTAitP,58406,CUIABA,MT
PdURXwkuj47Q,26277,GUARUJA,SP
At67SDjM0Ufs,19470,"SAO PAULO",SP
iqJ9cczQylZm,53080,JUNDIAI,SP
Wj7cPF4DrJcQ,41906,MAGE,RJ
n9qEKmQ62Xna,36790,SALTO,SP
CUyfJXDLPscD,6885,"SAO PAULO",SP
LXhZsqD25N9M,82940,PAULINIA,SP
clkB368ByvwQ,85503,"RIO DE JANEIRO",RJ
v6g725MP0vp1,33805,"JARAGUA DO SUL",SC
D44zyoFq5HzB,14092,DOURADOS,MS
rauOqynFIsmY,21241,CAMPINAS,SP
R6p11xnsOpqy,95870,ITAJAI,SC
8uR5CxiBrjIg,4702,"SAO PAULO",SP
nhxRLAUXJFdQ,35908,PINDAMONHANGABA,SP
zbwwi02uReAC,99495,"SAO PAULO",SP
r3zAjtLzAvhg,57020,"SAO PAULO",SP
OdCJZfFlbg52,16900,"SAO PAULO",SP
yZAy2845XKp3,25560,ITUPEVA,SP
HtLcyc6o29a4,39855,FORMIGUEIRO,RS
rggqHuGsrfAS,66670,SOBRAL,CE
JNsi6fRUCx4j,37713,"RIO DE JANEIRO",RJ
SrZwDO9vIfx4,36032,"SAO PAULO",SP
yXGJ0NOHhmbG,25725,GUARULHOS,SP
xqeAEp1fgXKI,2670,CURITIBA,PR
ZnEwE1d9Xjy6,41615,"SAO PAULO",SP
5FCiefAbJ6yB,64807,"SAO PAULO",SP
GSd56MgjHOlf,79063,"SAO PAULO",SP
kYPnnxy0FgG5,26315,BARUERI,SP
P1EX7gXwqClX,3925,"SAO BERNARDO DO CAMPO",SP
140Eq7kOLbSV,95755,GUARULHOS,SP
MWxzeChu5BJx,19050,"BELO HORIZONTE",MG
DzBpa1Mc2BSu,79092,"SANTA ROSA",RS
jStOqoiGjp8A,22740,"BELO HORIZONTE",MG
HlDycpLVAwtW,93044,CASCAVEL,PR
TVW6AsiGH05J,88810,"SANTA BARBARA D'OESTE",SP
E4iX8HsI0NTy,35878,"RIO DE JANEIRO",RJ
GnQgoBAgpnGP,81220,"RIO DE JANEIRO",RJ
91wxxPkMYOV0,41610,BELEM,PA
fasAbKbM2I0V,29780,"BURITI ALEGRE",GO
K3KeTt2ycXsH,78080,PIRACICABA,SP
bYpDtbKkjz7u,6410,"SAO PAULO",SP
cg9PLULBCoi3,74675,"SAO JOSE DO RIO PRETO",SP
4CX4rdTXFViH,15718,"RIO DE JANEIRO",RJ
rZEwDWHI8Dtt,2759,BLUMENAU,SC
0hFhV4DVOvwZ,57160,"SAO PAULO",SP
lY2YRE6xxuzR,54735,"SAO JOAO",PR
AqmEJbgGrBac,7784,CASCAVEL,PR
D6RM5zv68JN0,48370,"RIO DE JANEIRO",RJ
EWeH4f5SvtPQ,83306,CUIABA,MT
JVltarx7FfxC,7096,CAMPINAS,SP
h3PVRZGNSERF,36404,GUAXUPE,MG
kfO7V3LLUBn1,72878,"SAO PAULO",SP
P0gXz73AjcK1,29190,FORTALEZA,CE
HNftBcxUGflb,58031,ALTAMIRA,PA
MIn6giXgKR7y,44720,CONTAGEM,MG
8SLMVJTcOUZT,1243,"RIO DE JANEIRO",RJ
i9VEbADvBcM4,4836,HIDROLANDIA,CE
eEKz4WrFtSod,60730,PARANAVAI,PR
HQuZMzVZBsaU,58540,"RIO DE JANEIRO",RJ
KZuGZMaQS79g,28928,CHAPECO,SC
7AaKmR4umzhj,17202,"BELO HORIZONTE",MG
pmZ1liWqlsQe,35146,"CACHOEIRA PAULISTA",SP
4PCMFd9Z8SS2,23550,MATINHOS,PR
MTLqFaN0HNpp,8753,"GOVERNADOR VALADARES",MG
dH1MRWD6GxLG,3451,SALVADOR,BA
U6sNZLA8co1C,99020,TORRES,RS
xnGwBGbjA35w,62940,JACAREI,SP
IPHHl0wYyTYJ,81580,"SAO LUIS",MA
VMAMglGK5IS4,6753,"SAO PAULO",SP
l8wB4Jq65Wip,68180,"SAO BERNARDO DO CAMPO",SP
kas3vmadhAJw,82120,"CAMPO MOURAO",PR
6zhLGG4CoMfT,4307,"TEODORO SAMPAIO",SP
eJy3pOWcW9RJ,3175,NATAL,RN
xkm7BHjwf2wj,71065,AMPARO,SP
kFBwwE7UTkre,62460,FRANCA,SP
8IUgEO0lOJDr,4608,RESENDE,RJ
LDzOYh4nGBMQ,36972,BRASILIA,DF
ozdePz5H0OHS,72602,SANTOS,SP
Ksoq9sKXSXRA,22776,VITORIA,ES
OWzci3Dhs9Wd,82920,"SETE LAGOAS",MG
Ka6BzQslx8PM,55590,PARATY,RJ
Sx6n5NSwXv1O,53350,"DUQUE DE CAXIAS",RJ
Z4ibJPtBUtSU,70336,"PRAIA GRANDE",SP
7hZPRqbnNZfX,24456,"SAO PAULO",SP
M7uRmgQVLkIj,2560,MAUA,SP
IJMbe5Q5hc6G,36820,"SAO PAULO",SP
n5GlUktP68ir,87270,CURITIBA,PR
tW3EzKlq5QML,11703,SERRA,ES
elco1bvcz87e,89176,VICOSA,MG
61JQxNfcK1IN,64059,SALVADOR,BA
YxORo71415rh,28633,"NOVA IGUACU",RJ
Fw4MS8sG98my,60730,PARANAVAI,PR
j3DbvKWXkU4j,99070,"SAO JOSE DOS CAMPOS",SP
eTvDvRlwxsSU,3064,"VILA VELHA",ES
hz6Be1MEkrNO,2051,IBIRITE,MG
2G9M8wtKVV1N,50920,"VOLTA REDONDA",RJ
ZQ8JXoEzsnqV,27525,CANDOI,PR
3QBMfYawZiIM,32606,GRAVATAI,RS
sU8HYh07JsfP,3937,CAMPINAS,SP
xMvcEGRW3noW,88200,MURIAE,MG
GnsXO2h5iYJk,85067,BAURU,SP
vEcbqKtwb7IY,89899,"SAO BERNARDO DO CAMPO",SP
hMabTNxImdXt,1311,CARAPICUIBA,SP
g10Dn2lWH5xs,16013,"MONTES CLAROS",MG
t0g8g4yECrTC,7160,"NOVA CANAA DO NORTE",MT
GI811e5bUcyF,7835,VALENCA,RJ
1oXx8hjloOL4,15750,BOTUCATU,SP
rQOxdur80uHO,87600,VINHEDO,SP
WESiIsgUYtmp,58036,"ALEM PARAIBA",MG
lsgEn8CgmPYq,7802,"SAO PAULO",SP
GfhaJNnoqiIK,55820,"PONTA GROSSA",PR
YyhJbBzJeJJK,68374,UBERLANDIA,MG
SxmUdcgAf1ta,75828,"SAO LEOPOLDO",RS
9FqJgPujKoni,75132,"NOVA IGUACU",RJ
I045BGM7NNzJ,71676,JACAREI,SP
dELX7v4fUhoW,85906,"SAO PAULO",SP
sfP3YZqUO4rH,13481,"RIO DE JANEIRO",RJ
ohS8xU5qE29J,56280,"SAO PAULO",SP
YkxArhOabHRr,13403,AMARANTE,PI
AJ05TloFP31t,8578,"SAO PAULO",SP
lzLQjZ8rj2XB,26535,"RIO DE JANEIRO",RJ
zve9qmZZmxvD,65082,JUREMA,PE
zLGyZkjYVRse,30666,"ALTO BOA VISTA",MT
daEiHBkU1tcp,4338,"SAO PAULO",SP
iRRrQW7jHcjc,2523,"SAO PAULO",SP
6n459kWeFkfF,2848,"MOGI DAS CRUZES",SP
mfqXGH3G0EOL,78663,"SAO PAULO",SP
TODvtwTq1d4b,3720,"RIO DO PIRES",BA
dJxUnxWjcdDr,4843,FLORIANOPOLIS,SC
viU6EuIUMdqi,95900,PINDAMONHANGABA,SP
YGHCooRg1VIq,88450,"SAO PAULO",SP
SfxJFaPtvrIk,14440,FORTALEZA,CE
45sxeuoohghK,5364,MESQUITA,RJ
v4DeY0k1jGWO,8598,"SANTO ANDRE",SP
FrXocZGDb00w,87020,"SANTO ANDRE",SP
bZ4eoxmshASi,45443,"SAO PAULO",SP
S27fddazoj0F,1243,"RIO DE JANEIRO",RJ
9RisUFS9RI7p,86027,GUARIBA,SP
ZIRkpm4D3Bp4,43825,"TRES RIOS",RJ
WH4o57PQ3pB5,13324,TOCANTINS,MG
YvPs5nzSwByO,3728,CURITIBA,PR
exuBBIP3ryjs,13790,FLORIANOPOLIS,SC
Hg7UfJtSUdOf,99030,"BELO HORIZONTE",MG
8DXVNPVbQCAv,2377,"DEPUTADO IRAPUAN PINHEIRO",CE
2b7xVe3JYQVv,7402,"SAO GONCALO",RJ
bUXi6AtWz2wb,63580,"RIO DE JANEIRO",RJ
8r6MHTpbYEwg,28016,"SANTANA DE PARNAIBA",SP
GsBWHd7uzRrR,6539,COLATINA,ES
gUvNUyGu8bAm,25940,"RIO DE JANEIRO",RJ
jwVRi6QIQUz9,72510,CANGUCU,RS
BMBa6JcR9WZG,21530,CAMACARI,BA
BHKNqPnXZy1X,3052,"BARRA DE SAO JOAO",RJ
egeiDoBpkzhl,4703,TERESOPOLIS,RJ
fPVhgDmP7o1V,19909,SERRINHA,BA
RWxkRS4i99fG,39404,"PORTO ALEGRE",RS
iImF6N40gDdn,79700,"ARRAIAL DO CABO",RJ
x41RJPIoLOkl,49130,"SAO PAULO",SP
j6LbZkpOO4HE,89850,SUZANO,SP
Lfd1XFMR2O66,60175,JARINU,SP
zcC3Ay6cl2iO,83302,CUNHA,SP
9QDbDKK13jzI,60190,"PORTO ALEGRE",RS
OvBWHakeserl,48330,CRISTINA,MG
1obDSdyN65Xe,9445,UBERLANDIA,MG
YVmppTnWErjc,89677,"BELO HORIZONTE",MG
aK9hNuIoNGKc,35662,"SAO PAULO",SP
YwqY7CrxGkHu,64700,"ATILIO VIVACQUA",ES
fiVZNWefIsJy,5009,PETROPOLIS,RJ
mOyIEYCc3bwW,4122,"SAO PAULO",SP
kQ6DpNvj2isD,99020,TORRES,RS
NenFE084JnkW,89850,SUZANO,SP
wG7SgZ0fLqvg,12530,ARANDU,SP
tM0Dp4nq91r0,55250,ITABIRA,MG
NCSQ3OKSnCiQ,74170,CARIACICA,ES
X3Oa2IiMHxXM,99400,NATERCIA,MG
ciUvhiiKgCby,79940,"PORTO VELHO",RO
4Wvn4rc9UyaK,70344,"PORTO ALEGRE",RS
zcnvrOiCnqWf,89052,"SAO CARLOS",SP
LBw0DzO6ni3a,76382,"SAO PAULO",SP
1oBT5DK1G4IH,33930,"RIO DE JANEIRO",RJ
8WNMNFLsOAd6,68560,"BELO HORIZONTE",MG
AHVqKfrTXwaN,36913,COROMANDEL,MG
hmgsOMHGB1c6,2510,"SAO JOSE DO RIO PRETO",SP
5uNXlMwGlU4U,2247,MAUA,SP
hepOFYl41b5r,37815,CACAPAVA,SP
5DmM0amBdzvI,6028,"SAO PAULO",SP
o7RxAhB5EJrc,37545,FRANCA,SP
x2qFqlxXMSoD,86925,SANTOS,SP
a4EUQtcGmavh,13471,BELEM,PA
BujbLVWBIors,95670,"SAO PAULO",SP
U8gS7ldvjzN5,23550,MATINHOS,PR
04asny7812UD,8735,COLOMBO,PR
DIT81t9EQrtv,56220,ARACRUZ,ES
jGV0LvHDjA6r,76934,FORTALEZA,CE
PPa0BnFmvHdi,86730,VITORIA,ES
UDeVg21EJ0kr,85814,"RIO DE JANEIRO",RJ
LNPhV0QVCecZ,78810,"MOGI DAS CRUZES",SP
d8YcW4f5J7X6,31030,"RIO DE JANEIRO",RJ
EuMvBpQWBppS,97050,"RIO GRANDE",RS
ilzFB3ozzrKP,56395,"BELO HORIZONTE",MG
41s4GFUvbdI8,21741,URAI,PR
DtC11jEkI5e1,3272,BARUERI,SP
xQdbZw7QDJNs,55644,"CAMPO GRANDE",MS
b9dl2bg8Yg7H,78850,"SAO PAULO",SP
GftXxqTDkkP6,13276,"NOVA VENECIA",ES
wf99YpsBppr2,8571,DIVINOPOLIS,MG
miVWUNWrt0nr,81260,ENTRE-IJUIS,RS
Df8mvnpBKEcH,23045,NITEROI,RJ
0NmWOInLcaXw,17054,"LUCAS DO RIO VERDE",MT
8xiwXlB0Zz6m,16640,"SAO PAULO",SP
76SVUy1UDiqn,36090,ARARAS,SP
kgfdGfJ2XJx0,31814,BERTIOGA,SP
CpByf1isvVTL,29051,UBERLANDIA,MG
CKeLib3o1Fkm,2273,"SAO PAULO",SP
hfZhIjfgckOP,67015,CURITIBA,PR
k9sFvXGlBACE,7991,"RIO DE JANEIRO",RJ
2oTwxyM55x0Y,29143,"BELO HORIZONTE",MG
9TbEw7m9pLxR,89840,CACAPAVA,SP
k9nfURluyqfY,74265,NITEROI,RJ
UmII97BvzpES,2118,"SAO PAULO",SP
HeXPV9sY0Eew,95044,"RIO DE JANEIRO",RJ
33W8xWAAU33j,17603,SALVADOR,BA
5dRhHt5nrzHg,83707,"SAO PAULO",SP
S5MB9v23YQFq,37115,TERESOPOLIS,RJ
cVKJxgqzRKur,73005,"SANTA BRIGIDA",BA
pNihYb4rgYOk,19911,MARILIA,SP
qywcCsQrRjZj,38240,CAMPINAS,SP
JOZMUMPPlDck,22630,"CABO FRIO",RJ
myrbmeshXe5G,3046,"SAO PAULO",SP
ek8vAeqTrpz3,90520,"RUY BARBOSA",BA
LVEixKeket4b,25710,IBIA,MG
wpKuejx7kpDi,29020,"RIO DE JANEIRO",RJ
3xKGkoALKWo6,72502,INDAIATUBA,SP
Q4Yfu46NFnXB,56512,BRASILIA,DF
anY3oQuGhmoF,69086,NITEROI,RJ
qN9sgJAgFpHP,39520,CORINTO,MG
yGXBYMDp6U1z,68906,JOINVILLE,SC
oXsS7ym1Cs7s,16940,GUARULHOS,SP
RF6tUXDUxP7a,44600,"RIO DE JANEIRO",RJ
UHXluC5jQ8E6,87860,LAJEADO,RS
5dVxyn5nAdOO,86410,OSASCO,SP
YvVMtG3C3aWU,4437,"SAO LEOPOLDO",RS
tK0VA2RythXS,28907,ITAPORANGA,PB
RVW8Wzxx9X0Z,5019,IPERO,SP
f3fRRyvMhRG8,17603,SALVADOR,BA
dJBOVhFFuE2e,4044,"SAO PAULO",SP
6XAdUei7i3qT,92990,"SAO PAULO",SP
wLexqX0YWpia,45480,"JERONIMO MONTEIRO",ES
f9Kw3J3Xmqi3,41900,PIRACICABA,SP
OKPaD2qEGfRW,69906,"RIO DE JANEIRO",RJ
1ABNx7QHSK8f,17110,COLATINA,ES
X5b68fK3dHtb,36580,"PORTO ALEGRE",RS
OZH6Pk4mO9zu,6631,"RIO DAS OSTRAS",RJ
YxMr8TWzjjbn,28143,"ROQUE GONZALES",RS
a2970LMjXroM,19840,"SAO JOSE DOS CAMPOS",SP
NDpeykeMhnSV,21864,"IPORA DO OESTE",SC
1WeE1MCf9CNm,4821,"DIVINOLANDIA DE MINAS",MG
tkAHK2qTNr8A,3905,"SAO PAULO",SP
elNApXxll1wl,59035,"SAO PAULO",SP
nUMdvWlZiWjt,5424,VINHEDO,SP
zQVsgB1IeBdw,65050,"RIBEIRAO DAS NEVES",MG
zIwPrCHa5bYr,24474,OURINHOS,SP
72cNIIvmCsiA,3553,NITEROI,RJ
M28VOlyIu04y,31814,BERTIOGA,SP
C2BCv00oulet,7786,"RIO BRANCO",AC
dg8c5e7Q7sxW,2422,SUMARE,SP
GBxPird8oE0F,39945,"SAO PAULO",SP
fLC3nh0oqD3E,36013,"SAO PAULO",SP
s6ATvP9TAZ2P,79070,PALMAS,PR
3SEWwIlYDJOz,2363,SANTOS,SP
iKKPFgpRz7TV,35565,IBATE,SP
nBJI0g6FIazm,90040,PELOTAS,RS
ktbYcyDwuD6h,60050,"FRANCISCO MORATO",SP
bHjy8eWqASLt,4649,"SAO PAULO",SP
ax3WNVAzQuKN,93320,"SAO PAULO",SP
2JWuYb9QaL23,7080,"SAO GONCALO DO RIO ABAIXO",MG
STQyee8EGgVR,75390,COTIA,SP
MqTq44qS3kqo,70648,"SAO PAULO",SP
rYb4CAyTmL0K,26286,"SANTA BARBARA D'OESTE",SP
rkdQibNxGoI7,7111,SALVADOR,BA
UWwlz8efpTc4,23031,"ITAU DE MINAS",MG
QwwuoMNvWjpR,36883,"CAMPO GRANDE",MS
t6mpslmcDoqD,36760,"MONTES CLAROS",MG
L6oZ0ai1TQBF,72810,BRUSQUE,SC
b8w0xkCRQbLc,12770,LIMEIRA,SP
MydVKjV9Tckk,82620,RECIFE,PE
DsyOJwWf4DbI,29192,"RIO DE JANEIRO",RJ
eLZnieOeAcdy,88123,"SAO JOSE DOS CAMPOS",SP
2cLw96bsyfK3,4375,"SAO PAULO",SP
jdkjmzMjycmy,2050,"BELO HORIZONTE",MG
hoB3tgmMqAj7,89700,CASCAVEL,PR
9L6mwDUopwob,14882,"SAO PAULO",SP
aAiY9iloLKQc,95920,ATIBAIA,SP
u4Nx0TA8yGPO,62190,NITEROI,RJ
OlU1R5olsVOI,27570,"BELO HORIZONTE",MG
B0D7lBN9rukm,86430,GOIANESIA,GO
xABa6qes7Xxr,4661,PATROCINIO,MG
TGCIKGLgpnJp,4676,SERRA,ES
Hm27MaM1XfdC,86027,GUARIBA,SP
XH9n9TND6pFt,25980,CAMPINAS,SP
UqH5FJnwgX78,91450,"SAO PAULO",SP
SWAnu3p0E5gt,36883,"CAMPO GRANDE",MS
2Pm55QSEQoaL,5302,"SAO PAULO",SP
vg5kA3VHhLdN,58328,BAGE,RS
Kxle9jHjYxH1,12607,"RIO DE JANEIRO",RJ
XG7hyvO5KF0s,65606,"SAO LUIS",MA
SvrGs1GyR8pS,88067,BRASILIA,DF
DY7f8S1au0sE,58030,"NOVA EUROPA",SP
kBZ5QjewmcBU,6654,"CRUZ DAS ALMAS",BA
QmQvMtuo8SPK,11960,PRIMAVERA,SP
aNuy22XAtzuo,8760,PALMEIRAS,BA
kx691hYcVVWX,65042,GUAIRA,SP
w61wpqI4Hl8f,9425,"SAO PAULO",SP
fncrF544pa4u,5661,"ELDORADO DO SUL",RS
0zKKHoMNBN7j,79785,NITEROI,RJ
bDwdQwJbREB9,30662,SANTOS,SP
LmSQ0ungD22b,1215,BELEM,PA
tBMevTqBK4Kg,60010,"BELO HORIZONTE",MG
mA64MW7QCICb,7181,"PRIMEIRO DE MAIO",PR
y2x2S856Ad9v,88790,"BELO HORIZONTE",MG
pJdOYWDx24DR,7802,"SAO PAULO",SP
nLbXjZS90ugG,68730,TURMALINA,MG
ROnn5XXV6UTw,95535,"SAO PAULO",SP
PZeduaYM4z3z,3380,PARAUAPEBAS,PA
QnJCFMR2AT4O,70834,BRASILIA,DF
9iQDN0R89wFV,72595,"NOVA PONTE",MG
l0OW5Q4T3LRT,12231,"VARGEM GRANDE DO SOTURNO",ES
zLnEgtOU0yCX,56180,MARICA,RJ
kgQvb0NseaHd,5422,"SANTANA DO LIVRAMENTO",RS
SMG7Ynr5y1it,2861,"LIMA DUARTE",MG
BUwlBfl6hL56,2510,"SAO JOSE DO RIO PRETO",SP
24X6E3soch4p,50741,"POCOS DE CALDAS",MG
3q1Bz01IShX0,4844,"NOVO HAMBURGO",RS
l25uzzrUuBB9,53401,"SAO PAULO",SP
5rj9dR5j5ouU,39314,BRASILIA,DF
CizN3YC3GQLs,4205,"RIO DE JANEIRO",RJ
JRzeoXWUAcPF,4293,"JOAO PESSOA",PB
0p1j0Kbe4T9J,84174,"SAO PAULO",SP
0wUzdeG8MBpB,89805,"POUSO ALEGRE",MG
BsGMPwVG5wFI,26535,"RIO DE JANEIRO",RJ
FTsnW2BeTezY,17204,ITAMARAJU,BA
CyEB0eU1VhlO,1325,JARDIM,MS
drriO87T1DdX,24471,TAUBATE,SP
D9M4FwydNl0V,39530,"PRAIA GRANDE",SP
RoixLseJMvet,4118,PETROLANDIA,PE
6fIWOiJwk56v,3189,JAU,SP
X5Ji8qJJuR2k,93048,BRASILIA,DF
Mtl31gFm6uq2,58625,PINDAMONHANGABA,SP
POfvpO6P55HD,29162,"RIO DE JANEIRO",RJ
SrxABlklxU3i,58338,"NOVA IGUACU",RJ
fYK3Hj0XFKdm,6602,"PATO BRANCO",PR
hl6ONcNFIgvK,23081,"SAO PAULO",SP
BtkHg7hLI5YM,58213,TRANCOSO,BA
kFKoPGX1utNN,11711,PIRAPORA,MG
EyvkaeHvvPBD,99490,CANSANCAO,BA
pw1zTwqY6op7,25956,"SAO CARLOS",SP
mfDBwLCULZlZ,13275,GUARULHOS,SP
Xnq2OWpHORwP,11310,"PALMEIRA DAS MISSOES",RS
1seaGQB5ROEk,29157,"SAO PAULO",SP
9mQnxxumTuBD,5894,CURITIBA,PR
U0O5TTnEvjAX,83323,"SAO PAULO",SP
ouGNj20jR8mO,50680,"MOGI MIRIM",SP
bD8MWjM8OGFz,74215,JOINVILLE,SC
oidlH2oIebQT,98980,XANXERE,SC
A7zYsExEEIPh,4050,LINHARES,ES
9ytdH8nOyU1V,2856,MARINGA,PR
zG1E0NsSvmnc,4607,BARBACENA,MG
IdIRmtYV1sZ4,36650,"BELO HORIZONTE",MG
5gxZ8jgPsj9w,8342,"PORTO ALEGRE",RS
2lCep1NE1LlB,55890,"SAO PAULO",SP
viJ5shBiLwAZ,77780,VITORIA,ES
WYtPv1OBsv6b,53403,ESPINOSA,MG
HiJGdm9UyEZ3,63600,CAMPINAS,SP
NhQ8IsfF0aLx,59310,"SAO ROQUE",SP
XP2zVhz4m5ST,25510,"SANTA VITORIA",MG
hBzk0qgUYtGZ,13202,"SAO JOAO DE MERITI",RJ
JfqnkMEbvrKi,22245,"SAO SEBASTIAO DO PARAISO",MG
0JVucGatAAzp,8501,JACARE,SP
k0igTB2KU2rI,5177,"SAO SEBASTIAO",SP
5ov8bJNx3VHN,22763,IRATI,PR
BiHedtdnyM7t,73340,"SAO GONCALO",RJ
DSooR3uzieUw,4470,"TRES CORACOES",MG
Ch6oDx71x6z9,36542,"SAO PAULO",SP
yMw65UbXKqNj,75132,"NOVA IGUACU",RJ
FBLBddnIIP4S,48730,PARACATU,MG
maCoUNAOYpvB,89840,CACAPAVA,SP
wE9Ss7JJGQ57,66610,"BARRA DO CHOCA",BA
7xClKekDdyWG,65335,FLORIANOPOLIS,SC
jUaawftPXlrf,20530,"SAO PAULO",SP
kbZ62Eygx4Am,2361,"RIBEIRAO PRETO",SP
j9uQxvhbtlKU,59275,"PORTO ALEGRE",RS
upNqgpH69wT2,84435,BRASILIA,DF
tVRjwiPdKbv8,3380,PARAUAPEBAS,PA
SH5AAVs0O7hp,11015,"RIO DE JANEIRO",RJ
VSEpvXTPKIHo,47808,MACEIO,AL
qqRLmlQJNzHL,4462,LONDRINA,PR
QjUp14egIyfO,3165,"SAO PAULO",SP
CZTmjOvveom4,58305,SANTOS,SP
wPfO6jckJ6NB,5074,"SAO PAULO",SP
TsyPUuRMnbSo,86803,"BELO HORIZONTE",MG
Ffo7uXom9IvR,65065,"SAO PAULO",SP
qcERxRHyp6oV,29375,"SAO PAULO",SP
Nrskf75qmw4S,5347,"PORTO ALEGRE",RS
2EXsfMnMynls,25585,"SAO PAULO",SP
BlY6v4SUkbrv,73310,"BELFORD ROXO",RJ
sv8i1UX2NRgV,98850,BILAC,SP
0T6EaPGXo9FF,60520,"SAO BERNARDO DO CAMPO",SP
uTsuipSWwnAk,75840,"SAO BERNARDO DO CAMPO",SP
RsLlW7QxLmTh,70764,MARILIA,SP
8yuuzlZaX4hB,46550,"SAO PAULO",SP
AWqMIFZt9QGB,39995,CARAPICUIBA,SP
d9y8ca8hKvF2,30662,SANTOS,SP
Z33KZhQu2fJU,63260,CONTAGEM,MG
rR1g7WLi3XUD,8543,"SAO PAULO",SP
QDKRhVb1wfF6,2232,BROTAS,SP
5mhas9Bk6Ylp,2851,SAPIRANGA,RS
gPoAipvIILdJ,3505,"SAO PAULO",SP
PPT0jWHfVTkF,75901,"SAO PAULO",SP
SdRQwjPg36R6,18070,"SAO PAULO",SP
wds2gRy68JHv,14955,BOTUCATU,SP
jlkRQ68grctk,23935,"SAO PAULO",SP
BdqHmDQXna9B,54789,"RIO DE JANEIRO",RJ
CKmYLJstOMMm,72240,"SAO PAULO",SP
s2Fc3xRAcl1M,30590,"PORTO ALEGRE",RS
MaZ4JNb78Wsf,4843,FLORIANOPOLIS,SC
SZEKmWEBI3hC,65046,RECIFE,PE
IbckcjKIJHCH,27910,"MONTE CARLO",SC
7gVfqHxiYQAg,17533,"MONTE MOR",SP
YBz51lPcLqNx,17680,ANAURILANDIA,MS
ZutsxTeqUkkC,83512,"SANTA MARIANA",PR
y4kHul4pwycx,74988,"BARBOSA FERRAZ",PR
VajAhFvrY1oL,67015,CURITIBA,PR
srGNgS7qX2yP,98958,"PRESIDENTE PRUDENTE",SP
BTd3oxruyy4G,25270,INHAUMA,MG
DALfqGT07B22,3030,ARACUAI,MG
w6KYkaFKpVhZ,58056,CANDEIAS,MG
ZxOs1jZC8pIc,7263,PEDREIRAS,MA
pXsVPzFszdvh,18054,ILHEUS,BA
K1u91NcY18a6,79077,"SAO PAULO",SP
Wk71ljkp15Kv,9132,"FRANCISCO MORATO",SP
2gri8XnfbkCg,16940,GUARULHOS,SP
H432y7yii2b0,3636,ITAGUAI,RJ
aRuEc2sZlLNN,21630,"RIO DE JANEIRO",RJ
3fFAdDbc8bZI,86080,MENDES,RJ
25jaUZWEnGJV,89035,"SAO PAULO",SP
nz4HwOiG5SQo,13402,"SAO PAULO",SP
aepayAG4gNQY,58195,FERNANDOPOLIS,SP
kVtjPprUCey9,76300,"RIO DE JANEIRO",RJ
uPn0ks1G6xFg,78663,"SAO PAULO",SP
uPWfNAw6tK7J,87730,BELEM,PA
NqD8FViR9zhr,55350,"SANTA LUZIA",MG
7bYOQI49Cp75,88060,"SAO PAULO",SP
z1dSTmDMJH9q,18707,FLORIANOPOLIS,SC
AraG1VGRptcc,63740,"SAO PAULO",SP
pPGVOkW6eZW2,31365,CAMPINAS,SP
bWQnMTNOsYjP,29051,UBERLANDIA,MG
Zfc3NE5q1krA,15560,MAGE,RJ
FWl4PrJfiQ0u,6810,SANTOS,SP
6uUBc7x81uXy,3401,NITEROI,RJ
TeIc7l9B5AWc,26033,LINHARES,ES
R132B1QMPwch,35878,"RIO DE JANEIRO",RJ
RWEFbqzzfpxi,90550,"BELO HORIZONTE",MG
o2VVinGpSvCX,4288,TERESOPOLIS,RJ
P65WozFrHovU,3505,"SAO PAULO",SP
LPm797aV8v3N,18108,"BELO HORIZONTE",MG
t3rKukqEhjZ4,72338,"PORTO ALEGRE",RS
lHPkx6loMoYl,31930,PIRACICABA,SP
OGynlKQiksHs,97770,"SAO PAULO",SP
RzwoQNJirTn1,36913,COROMANDEL,MG
fciYNDgUW0c1,5543,TIANGUA,CE
O12X1CWuwxFm,14784,"BELO HORIZONTE",MG
ey8GzmcxKfS3,3195,MIRASSOL,SP
qgbrz5hKlliS,1015,"SAO JOSE DO BARREIRO",SP
nK9EmrIBRisI,59037,"SAO BERNARDO DO CAMPO",SP
u5patmGHCZQW,3691,ANDIRA,PR
xREK7htIa1wB,95315,"SAO GABRIEL",RS
8QAlbdcGWyng,54360,ITAPETININGA,SP
coVanJutzCun,5449,"GOVERNADOR CELSO RAMOS",SC
2ihZ8ToWgNlI,3185,FLORIANOPOLIS,SC
xPJNd1w1cIyt,89163,"PRAIA GRANDE",SP
gVbXea1gY3Ea,11446,CARAPICUIBA,SP
eSvuc3EOyne7,8571,DIVINOPOLIS,MG
2m6C1lfh3qF0,37400,"SAO PAULO",SP
vVKFF84cJyBq,80420,RANCHARIA,SP
Od3kaLFKDiaS,55036,PENEDO,RJ
BOEIfszgGYam,28922,MARINGA,PR
7cZlmINTKutq,66035,"RIO DE JANEIRO",RJ
YnVkkvPsczfw,44180,"RIO DE JANEIRO",RJ
43SUvwANeGaX,74840,JANAUBA,MG
YNlIzcmgLldE,88504,BRASILIA,DF
1VmUXi1CMpOh,45810,"SAO PAULO",SP
JmSj9tP7PhDS,15014,"SAO BORJA",RS
Mf7TL0K8uPRc,55870,BIRIGUI,SP
KAqIrlrn21mJ,81900,"SAO SEBASTIAO",SP
epVFNACm5VSC,36606,"SAO PAULO",SP
6P8s4Vb46OQY,12820,URUGUAIANA,RS
WMoJaEQpm61G,58115,"SAO PAULO",SP
TORgQvQQwA5Y,74375,GUARULHOS,SP
3Ru2leLY2RDi,58225,PIRAJU,SP
fRIahQPjHeW8,76465,SANTOS,SP
yZlZ6oc2PBZo,38840,"SAO PAULO",SP
JRracCd1oxv5,24421,"SAO PAULO",SP
4AH51UKEk5dX,36455,ALFENAS,MG
U6RCh8i3IBmR,53020,"SAO PAULO",SP
HOeFvFJ5OZEi,78237,CAMPINAS,SP
byvY9omchlNl,58103,"SAO PAULO",SP
Em9PVKAEAelM,35495,CARAPICUIBA,SP
CoHoMVwgsS30,69460,"SAO PAULO",SP
EYAX2RDdAKAK,2185,JUNDIAI,SP
IWymymFtPns6,1009,"SAO PAULO",SP
6Bxf74beOFP1,4120,SALVADOR,BA
EncEiyyEzb63,37530,BRASILIA,DF
WAmf7tglJzC7,71065,AMPARO,SP
a6Gpi0aebYud,13044,NITEROI,RJ
qB3O4vuDiDw7,44094,CURITIBA,PR
NyqwAFK6aC3X,82820,CAXIAS,MA
zjxQWJznMOaD,20725,"SANTA MONICA",PR
LUC0WLJbI0oi,5086,"SANTO ANASTACIO",SP
HtzbMVXltYBs,93310,"SAO PAULO",SP
CozEM0RKCJd1,18602,SOROCABA,SP
IJ5IcLI9kP4l,44550,"SAO PAULO",SP
foqyugncyNFD,1137,"BELO HORIZONTE",MG
mGhpbFH2O4sM,62910,GUARULHOS,SP
hmGwwddTkl5J,88701,COROADOS,SP
IAZiVIywtKQI,13332,"NOVA IGUACU",RJ
erLM5CC1cQzJ,1205,"SAO JOSE DOS PINHAIS",PR
zGISsOu4ZptT,16309,UNA,BA
mkE5lKy4zMeh,9726,"BELO HORIZONTE",MG
NvymfETpdT0g,84604,BAGE,RS
DKf0yt4l665b,1228,CAMPINAS,SP
Gho0C0KCGLou,39340,"RIO DE JANEIRO",RJ
PmmqzAhzX4sN,18075,"SANTO ANDRE",SP
KRKfsnUNaDQS,6764,JEQUIE,BA
AXOHp9IabIFc,4524,FORTALEZA,CE
mjtksB6AkVZN,60543,PETROPOLIS,RJ
mWAVtoYbKx4m,70722,"APARECIDA DE GOIANIA",GO
LfrWYFdoUuf4,32430,BARUERI,SP
V2s7IUTJ6fL2,57311,QUILOMBO,SC
twZStiKN1RMr,39830,SOROCABA,SP
S67JlfhgdoAm,45662,"SAO PAULO",SP
fEFB8EbaEUGV,65465,"TERRA RICA",PR
akQlm7xrL27Y,12324,ARARUAMA,RJ
3NTyqlJNuxmX,96210,"RIBEIRAO PIRES",SP
pMiBuSfhsKgv,13413,"SAO PAULO",SP
YVn4jrkZCssk,26572,PERUIBE,SP
ucWwokvNLJpE,11082,"RIO DE JANEIRO",RJ
NBkHAFgHuRsH,81810,"JUIZ DE FORA",MG
B7ElYNG8SGLP,4161,UBERLANDIA,MG
dcWpPNXzWvwU,37014,CATALAO,GO
BjGj4JG7Qe1H,58430,"SAO PAULO",SP
dk2fPTan6In8,58320,"PORTO ALEGRE",RS
4NjSSWqWhFLr,88509,"SAO PAULO",SP
IwBJsFjnhG26,74912,BETIM,MG
Tfig2SvW6xC1,5028,"AGUIA BRANCA",ES
XjgmbuDuQmVJ,13065,TAUBATE,SP
GjqLw77XAR8L,35277,"FRANCO DA ROCHA",SP
n0FfPyA5HNDf,78120,CATAGUASES,MG
lcme6k4pXhLC,4775,"PORTO ALEGRE",RS
hikPIDlDUf4W,78435,GUARULHOS,SP
O5AVVx0dz6tp,13495,"ERVAL GRANDE",RS
wjCl8oQyhLEZ,60833,"FAZENDA RIO GRANDE",PR
kpRu8Z8juyw1,6147,"VISCONDE DO RIO BRANCO",MG
daEkc1UJ4ThS,27536,COTIA,SP
lugk0SOJeVYr,81315,"RIO DE JANEIRO",RJ
MuzKiIP1JarR,39780,"BELO HORIZONTE",MG
YnmxeeoOxNaR,3710,"BELO HORIZONTE",MG
ZxnpBtEOOpTm,13971,"MONTE ALTO",SP
P64NGWyj6f9d,78280,JABOTICABAL,SP
jghNOlVf0ArU,1305,GUARATINGUETA,SP
kaOdr3L7H9di,23565,GARANHUNS,PE
WRHZCFjhtmXN,5454,"SAO PAULO",SP
zHjZIdY4Pt7W,39363,"PRIMAVERA DO LESTE",MT
YSyVEegPDyxr,4144,FLORIANOPOLIS,SC
fEaEAAdbNTJq,7025,"SAO PAULO",SP
Nj8auIooSqjL,2842,"NOVA FRIBURGO",RJ
xSYoZ0ifHLDN,13605,"BELO HORIZONTE",MG
IWpR0yt5ADP1,29165,"SAO PAULO",SP
tVpYMGItTRhc,11446,CARAPICUIBA,SP
bXTfRDcfEUJy,98958,"PRESIDENTE PRUDENTE",SP
IjM59OtsZrfP,4308,"RIO DE JANEIRO",RJ
9mmXzxmQL8Vt,22011,PETROLINA,PE
f6KwEPGF1is9,4308,"RIO DE JANEIRO",RJ
MuSPSVKxJMzv,92440,"SAO BERNARDO DO CAMPO",SP
DvP2ln6g3NT5,53130,"SAO MATEUS",ES
kuxT2McniMj6,78559,"RIO DE JANEIRO",RJ
POKVK8XbAz6Y,53070,"RIO DE JANEIRO",RJ
nsPqsDPlUZN5,24866,"SANTA LUZIA",MG
s3ODKphEFYJx,44075,"VILA VELHA",ES
fxayna1lSbNe,24431,INDAIATUBA,SP
vQCiM7q2DTQ2,32340,"RIO DE JANEIRO",RJ
JJDjeEZ5bxyj,66025,"RIO DE JANEIRO",RJ
mHUHCRVoB1Me,97543,GRAVATAI,RS
yS7SjfLjKc8G,23082,FORTALEZA,CE
ZeJ8zPziStjJ,73770,NITEROI,RJ
yIBwQJHM3KXo,6900,SALVADOR,BA
xikiMDxoJYdc,66025,"RIO DE JANEIRO",RJ
Wcyq8HYNVofr,19050,"BELO HORIZONTE",MG
fVBJMb8L4edY,2227,ALCANTARA,MA
m4cR7dGDqEOF,15502,"RIO DE JANEIRO",RJ
baY2q8j28aNg,18600,RECIFE,PE
XFPMARDSJuIj,29330,"DOM PEDRITO",RS
dwu2MQCzYOAW,3027,"SAO PAULO",SP
s4N10Yj2jnTb,23898,CAIEIRAS,SP
l6YXkj7pgVzE,56310,CATANDUVA,SP
czXv5BzymxfC,88359,"NOVO GAMA",GO
tZuF81ANR9DQ,5760,"ALMIRANTE TAMANDARE",PR
bCxmkK6gJluc,3085,"RIO DE JANEIRO",RJ
kMpXtYYHYr0o,74365,ALFENAS,MG
VC0YKJxQx7nU,9691,"SAO PAULO",SP
0gRsaNw4lQJ4,66635,GUARULHOS,SP
3MjjqWadqvzw,3261,CACERES,MT
fmpByDqR3ubY,39635,"LAURO DE FREITAS",BA
pU1q8IkbXcML,2246,"SANTA RITA DO PASSA QUATRO",SP
4hAfk4meQsDZ,4548,"PORTO ALEGRE",RS
Ksp1OpqkSiyl,73805,GUARULHOS,SP
3DaJFGFacmRQ,4734,"RIO DE JANEIRO",RJ
2lmav3YZ0NSz,78099,"BELO HORIZONTE",MG
e8G48qE2Bf71,1210,"SAO PAULO",SP
ub3uMMmiK0mH,20040,TUBARAO,SC
VGrAHAMOrtY8,45450,"SAO JOAO DO ITAPERIU",SC
MsLWTwVWv8WR,99460,SUZANO,SP
9BuCHq9Mio0w,5814,CENTRAL,BA
XjChEa8WyIma,5266,"SAO PAULO",SP
sOkQqTdABiIm,3191,"RIO DE JANEIRO",RJ
gx4BlvpMUR14,64017,CURITIBA,PR
BpEVdeUv7X10,11709,"SAO JOAO DEL REI",MG
JO52xDlKKW6e,3553,NITEROI,RJ
CE36SvtViKLq,71980,"SAO PAULO",SP
unkiZdHmujH4,88061,PALMAS,TO
j6eTHkOKdX0K,28388,"MORRO DO CHAPEU",BA
VajMko2GbXCS,11446,CARAPICUIBA,SP
GwFGzjOlhSso,90110,TAUBATE,SP
CDxKJVBjeEJf,90040,PELOTAS,RS
lzNlg22HEeYc,11707,JACOBINA,BA
FZ0c9uCzznK5,53300,"ITAPECERICA DA SERRA",SP
NTblsCdjsrMn,4501,"SAO PAULO",SP
PhVkvEaZkeSu,3077,ITAMARANDIBA,MG
L7RvqX94vunB,4673,NORTELANDIA,MT
IxudLgWgQggk,36503,MAUA,SP
XyeL7VxPmerU,25940,"RIO DE JANEIRO",RJ
I6hwedqdZUBc,13700,"SAO PAULO",SP
SU9nqqjKwrHj,79084,"SAO PAULO",SP
uSsopCwCOVpy,35051,"SAO PAULO",SP
xczNC3AMCwWu,46550,"SAO PAULO",SP
3H94aWL9PSkj,86140,CAMPINAS,SP
EkLQgacZWlFs,86160,GUARARAPES,SP
cIVAqANVa7B1,77995,BERILO,MG
uiS7b2CIaNkv,70336,"PRAIA GRANDE",SP
bGeEkP4X9MLm,28617,"SAO PAULO",SP
IuxU4qNIZzzK,6720,"BELO HORIZONTE",MG
GeqLGdDFewQk,4432,BRASILIA,DF
MkQinSz2Fc4F,6794,"CHAPADAO DO LAGEADO",SC
ETM0VfFk8KYH,5642,JANUARIA,MG
eEQQIMzTWNB4,85340,GOIANIA,GO
2AOSrmnPH1SQ,49160,"RIO DE JANEIRO",RJ
5mkP2pQStzi3,62190,NITEROI,RJ
Y7GPakTirGlc,14070,CARAPICUIBA,SP
o0ksY4AOTj8f,5302,"SAO PAULO",SP
uBYXSMo2Zt11,81530,"CORONEL FABRICIANO",MG
Zsiuxt0xno2J,76300,"RIO DE JANEIRO",RJ
PsfxxDEml0jX,58429,REGISTRO,SP
hGDIgVmwov9F,83215,"SAO PAULO",SP
VBEbLaJ1ewAF,60421,"RIO DE JANEIRO",RJ
VbUrlStoGI76,16074,"BELO HORIZONTE",MG
jL51nEvPu0Dy,85835,"LAGOA SANTA",MG
p8dhzHJ6ZBQT,29303,SUZANO,SP
wpfuk0Kxt6nP,21870,UBERLANDIA,MG
MJY2olnSNg05,8032,BAURU,SP
AxAonZXlohIw,12289,"SANTO ANDRE",SP
uaBnXeCw7iCk,89745,"PORTO ALEGRE DO NORTE",MT
45q4RAPJLUJS,64018,"RIO DE JANEIRO",RJ
0psEmRMf5wxa,3345,"RIO DE JANEIRO",RJ
vEwsAKN6vzGr,62190,NITEROI,RJ
ecRqOonMOKIW,62665,"VOLTA REDONDA",RJ
bmteHPuY2CSu,35064,BAURU,SP
CHKvyos12KcO,2306,"SAO BERNARDO DO CAMPO",SP
7KKq7BogU6Lv,64007,UBERABA,MG
2EvHgo03QHv4,3941,"SAO PAULO",SP
tvQjho4twD0n,36974,"SAO PAULO",SP
hI7QdqK3TpEG,88317,CAMBUCI,RJ
uBX8vcsJbVWz,92330,"SAO PAULO",SP
nhLBUMKziCcX,6824,POA,SP
ORd75atmJBGO,2533,"RIO DE JANEIRO",RJ
Z1MY2LerUGSg,64578,"BELO HORIZONTE",MG
V0wsdSTELrpd,13150,LAGARTO,SE
cm5sPCmaD5oR,37890,"EMBU DAS ARTES",SP
IpxJLv5bedHD,53080,JUNDIAI,SP
zFCkFaDkOTRd,12701,"BELO HORIZONTE",MG
KEFS1YnrEk7E,70743,"SANTO ANDRE",SP
cXtNRmRY2obE,27915,ARAXA,MG
pWwbuNaYGiJG,11310,"PALMEIRA DAS MISSOES",RS
VatMwy4Fgu9P,69306,"RIO DE JANEIRO",RJ
qiPLOY60yUkB,13490,"SAO PAULO",SP
GJv7ewBmEUr1,3390,"SAO PAULO",SP
BidYQOKbOQ4V,11543,"MOGI DAS CRUZES",SP
6g9E34tXyUFy,1135,"SAO PAULO",SP
xTjHjUASFDIX,86695,"SAO PAULO",SP
5fSDYPx05MI2,89540,GUARUJA,SP
n6IZPKOf9tlB,4423,"TUPI PAULISTA",SP
4pAaPvVz11Gc,26160,GUARULHOS,SP
qIkUByI6dJm3,74535,"LENCOIS PAULISTA",SP
Zz7HArACrhjz,40391,CURITIBA,PR
cHzZdeyz815K,84031,SINOP,MT
8ptcPv1yKgPN,30260,"SAO PAULO",SP
B1fOt9Uqdiix,87053,FORTALEZA,CE
gTRmtxqpwQ6Z,29735,GUARUJA,SP
F3ET3BG0TdS4,2611,JAGUARIUNA,SP
grqnZpIqElew,8343,MONGAGUA,SP
3cMm4h5IqTAU,36606,"SAO PAULO",SP
2hqr5VuclfuD,7096,CAMPINAS,SP
5wB8PbCnJpUi,5450,"PONTA GROSSA",PR
qDn5NakEnOke,3726,"SAO PAULO",SP
JcGL1cxXY9n0,28080,"FEIRA DE SANTANA",BA
c72WTc3nZC1Q,44610,"BARAO DE COCAIS",MG
6L98IDeIRKfC,29148,PRUDENTOPOLIS,PR
GDhkK6jwWCJQ,82320,FLORIANOPOLIS,SC
eOa5FXmUjDKe,7862,"MAR VERMELHO",AL
nzty3FJNwpbV,28460,CARAPICUIBA,SP
Mxf1OH1ACtT8,89982,ITAPORANGA,SP
EC1BZedqPXbv,37855,ITARARE,SP
cnzKIGiei2GC,5415,RECIFE,PE
p5u36ljUj7Nj,85660,"RIO DE JANEIRO",RJ
g8e8WHU2tqM7,29104,"RIO DE JANEIRO",RJ
gweFcvenOMay,13276,"NOVA VENECIA",ES
cc93jUu35vDH,31570,CATANDUVA,SP
FmVwJEjq0Cgm,24220,"SAO PAULO",SP
8WEyAMzwgqpR,37148,CAMANDUCAIA,MG
Fs09W3xxgWjc,21625,"SANTA BARBARA D'OESTE",SP
PVPMrbJLzgyQ,31844,"RIO DE JANEIRO",RJ
5UveAISlsHiV,3085,"RIO DE JANEIRO",RJ
Xe0xl57CP8PI,30644,"SAO JOSE DOS CAMPOS",SP
ff6C4Yz4nUCp,38744,"SAO PAULO",SP
96MYmOCcsDaz,68456,"SAO LEOPOLDO",RS
5fcqyJEavnj6,4012,CURITIBA,PR
2CFbyIEyxcdB,64525,MAGE,RJ
LuwFL7GGI5ik,31842,OSASCO,SP
iIiJbHMnhxKn,72145,CURITIBA,PR
DBKFGyYrTjU9,29192,"RIO DE JANEIRO",RJ
WCFoe45xNKxv,65051,"RIO DE JANEIRO",RJ
PuN4ScmhuShY,26051,FLORIANOPOLIS,SC
opakWjnv1Ne0,40730,"SAO PAULO",SP
qjhFKmUyNcj8,49100,CARANGOLA,MG
8S4h8yBol84F,5445,ITAPEVI,SP
SSHunzxSTUZO,71250,CATALAO,GO
GbWJRJgVbGOR,60160,"BELO JARDIM",PE
NvhlcucrWy3o,73080,"SAO PAULO",SP
KI2Lm3oiI3jK,92440,"SAO BERNARDO DO CAMPO",SP
U6HD7GcczGUA,9015,"CABO FRIO",RJ
5BMrLahS6g6s,82920,"SETE LAGOAS",MG
PkLboAn74shq,66831,TRINDADE,GO
hvft7QQxcpBd,39472,"TABOAO DA SERRA",SP
qxMuma3NmJqs,90480,"SAO GERALDO",MG
PonXZKB0x1vT,15315,"JABOATAO DOS GUARARAPES",PE
N1wvI9n5lTb9,13840,"JUIZ DE FORA",MG
yfpCQE4WBOwO,26110,BARUERI,SP
jE3waXTIiz4d,81930,"RIO DE JANEIRO",RJ
Y7VUtDETpmlq,38325,PINGO-D'AGUA,MG
CoR3QurycV33,16050,ESTANCIA,SE
QThjcDf6WFy3,57975,"RIO DE JANEIRO",RJ
J5UqoiTK7KWr,9783,"RIO DE JANEIRO",RJ
SFn70Zlsyh59,27515,"BENTO GONCALVES",RS
qjLagqJJOrCP,61645,MACAE,RJ
iZ8LrTC3mzZP,6526,"SAO PAULO",SP
pjzJcabMvX4k,24737,"SAO PAULO",SP
lcCBJz7vVLrk,18076,"BELO HORIZONTE",MG
jdGcdYTzvPqu,83820,"SAO PAULO",SP
xb9hJkmUNWpQ,9785,JUNDIAI,SP
r9AvgsjI5MpW,98760,MARILIA,SP
wPxRfqwXC3KF,3910,ORLANDIA,SP
dgbo3LuIAWHA,74660,"RIO DE JANEIRO",RJ
kbEY36NrafCV,4365,"CAMPO LARGO",PR
gMLTs1IgzWY7,17420,"SAO PAULO",SP
VRzXaO1JWi6O,70383,"SAO PAULO",SP
YDM3Hp4M0DSQ,35140,"RIO DE JANEIRO",RJ
S1FrohinWAxy,3374,BURITAMA,SP
3QG0zTsk8GsZ,92120,"SAO PAULO",SP
GfREHWnmH3Ce,77425,"SAO VICENTE",SP
mDQnXr3rCZWQ,5050,HORTOLANDIA,SP
cectLC3luU9Z,95088,"SAO PAULO",SP
k9042485Pu9W,60752,"SAO PAULO",SP
B33m6kOzZM18,9785,JUNDIAI,SP
QGnALzZT5F7H,9407,"SANTA CRUZ DO SUL",RS
PbemEuXB1a7r,76300,"RIO DE JANEIRO",RJ
oeQPXs237aGy,65130,"CAXIAS DO SUL",RS
REhIfn3s5a32,85807,GOITACAZES,RJ
ZrHjUIEXLwPh,92120,"SAO PAULO",SP
eaRzSlCQ4oDS,23033,"SANTA QUITERIA",CE
hMXrZrZf2TXY,8790,"NOVO HAMBURGO",RS
6r9ZX6HJFmw1,57520,"SAO JOSE DOS CAMPOS",SP
TfQNj1e1qyxp,16640,"SAO PAULO",SP
0qbZbYhaSWnM,72510,CANGUCU,RS
PWHqtqYnXj2t,86039,CAUCAIA,CE
O6ZuvInRIyO9,11664,"RIO DE JANEIRO",RJ
6yoXCfBoN9Hd,4857,ITAJUBA,MG
lJDujzU1guUZ,68450,"SAO GONCALO DO AMARANTE",RN
K6C1GGYsiCjm,4115,BRASILIA,DF
TSDpaWwjb9Iq,29156,"DUQUE DE CAXIAS",RJ
09t9d1gn679r,83203,"PORTO ALEGRE",RS
OsUrJrIwxSKv,23085,SUZANO,SP
OIOmc8DfJs57,5775,BRASILIA,DF
bmSsnH59uvum,89053,"RIO DE JANEIRO",RJ
PJgmK3f9d1Kn,26535,"RIO DE JANEIRO",RJ
LIXhEMC9OgPa,8590,FORTALEZA,CE
fYkNhoGfZAYt,3221,"SAO PAULO",SP
D42P4PGfMtJO,21630,"RIO DE JANEIRO",RJ
0pIwhYxNvdPj,75950,MOGI-GUACU,SP
Eo6vAc0fgNHj,89590,ROLANDIA,PR
mFIf7TUMvE2b,77695,"SAO PAULO",SP
2EI9qI7mEXaI,4850,NITEROI,RJ
rJsf7TgrTJm1,13389,GASPAR,SC
5VpI28AgIg8g,35938,"RIO DE JANEIRO",RJ
x5X1XiZjPl8Q,58036,"ALEM PARAIBA",MG
MHOgqBSet8Fz,12324,ARARUAMA,RJ
wMXfG8i5riXf,3930,IRACEMAPOLIS,SP
KBhZEH2ccpdk,70324,NANUQUE,MG
uGncgpvxBDUS,4184,BETIM,MG
DJwZfjr60PcP,13285,OSASCO,SP
43Z0DO7Iu3SY,46550,"SAO PAULO",SP
4349w8uNOCLr,35447,"SAO PAULO",SP
ldVtoiGl6CK8,83602,BRASILIA,DF
YmPNBm6rKDr8,99700,"SAO PAULO",SP
ygQxpDBETIvr,91240,LONDRINA,PR
i514VvFGoOps,91788,GOIANIA,GO
gLW7aEytyeXc,14920,"SAO PAULO",SP
c73tufHrL49b,11020,"SAO PAULO",SP
r6wBmjBYlZve,89212,"BELO HORIZONTE",MG
164hu3CK7BbG,4018,"RIO DE JANEIRO",RJ
dLzCr2dCY9Rk,6147,"VISCONDE DO RIO BRANCO",MG
HvDqVqWj1PZB,95995,"SAO PAULO",SP
qihmXWjjgbA5,64690,"SAO PAULO",SP
hZcUzR2VO3fX,46550,"SAO PAULO",SP
IoEGdjlp2I0Y,25806,"NOVO HAMBURGO",RS
vtq0LdkPuvPE,39823,"SAO PAULO",SP
kf1e6UAphytz,28200,"SAO PAULO",SP
HOxM14jWYRfB,13082,"NOVA IGUACU",RJ
cyeTsL6o4FKL,49260,"RIO DE JANEIRO",RJ
DjWKsuybMF2f,28360,"RIBEIRAO PIRES",SP
ZYmy9qsKKzes,89202,"CAXIAS DO SUL",RS
brF9d7peEJ2Y,38046,CARIACICA,ES
2jR0w6R02EZF,83560,GUARULHOS,SP
mU32pQXirenw,7856,"CAMPOS BORGES",RS
ZjPRyFQb2cLD,3261,CACERES,MT
dVHXYnVOK3e0,75804,SOROCABA,SP
SxxberqbwqXf,6056,BRASILIA,DF
yXe5N9NQkrop,68665,GARANHUNS,PE
7jmfrYTlN6zE,79611,"SAPUCAIA DO SUL",RS
VsTWlmJ6UjWp,93032,BIGUACU,SC
YRNWkp5krnWs,55027,"SAO FRANCISCO DE PAULA",RS
2dGkryzRaT0T,17260,"RIO DE JANEIRO",RJ
Pt9OO9x6yUkp,4281,"NOVA IGUACU",RJ
wAKw2lQ5Zgl1,83411,CURITIBA,PR
hASxcTTmZtvk,58540,"RIO DE JANEIRO",RJ
9xvnmzBOLHXM,59066,"VARZEA PAULISTA",SP
Ts9mpskgwscX,65042,GUAIRA,SP
E5un0Rmi4owe,45455,"PRAIA GRANDE",SP
E9d9LPhNjCEk,55153,SOROCABA,SP
c47vPoajoT1A,29314,ARACI,BA
jokhXydCLwSg,4708,APUAREMA,BA
A3ZpoIgUeiaj,19816,"NOVA XAVANTINA",MT
LHCvc81wONs8,9407,"SANTA CRUZ DO SUL",RS
u1g955XVdHNS,19030,"MONTE CARMELO",MG
MCzeU5LHEaEa,1026,"SAO PAULO",SP
uoj6X15GDthp,87300,BEBEDOURO,SP
c6aXlxP33gYh,32667,"IGARACU DO TIETE",SP
dsJT4OymTAR3,36925,GASPAR,SC
2FAn5vBSky1V,89253,UBA,MG
T3NxJfSSK4GO,3261,CACERES,MT
XYigKgzyGgro,56440,ITU,SP
xNiUQvdhZ89a,4611,"BELO HORIZONTE",MG
GMcyOE3DeQm8,39650,"PORTO ALEGRE",RS
oRLTts56PjJE,74715,CARAPICUIBA,SP
YiA2QlIfByGq,75110,"SANTA MARIA",RS
gioVMnZ55KXT,4931,CERQUILHO,SP
lmoct2MpBmNC,90245,RECIFE,PE
XvbWfnW0Mo6q,81470,"SAO JOSE DOS CAMPOS",SP
Q3hBqSePAdWk,12289,"SANTO ANDRE",SP
XZRc3p577lOA,4407,SALVADOR,BA
t9dMe0B0eNKH,60875,MINACU,GO
aIw5q5dPhcZP,14701,"SAO PAULO",SP
97zNJaYFw8Gb,58429,REGISTRO,SP
oVDXdi07O1Kq,40240,"SAO LUIS",MA
FkS5xI63clB3,26600,BIRIGUI,SP
hxjMeoFGIuOV,88470,BETIM,MG
58kZKnI2Fji1,3410,"SAO CAETANO DO SUL",SP
JQK9fMYLoon2,36540,VALINHOS,SP
0eZPNcoM8Wt4,44892,MATAO,SP
3ZzRekj8njcL,5328,"PRESIDENTE PRUDENTE",SP
ebUXxXpOZMRQ,98430,ALCINOPOLIS,MS
heUVTEMg8kns,9180,SOROCABA,SP
1AQ7E3tkHGqb,18051,"SAO PAULO",SP
gQa1vlt4OtbE,19810,"NOVO HAMBURGO",RS
RDo754aSdqbe,15560,MAGE,RJ
GxgNQx4pfVQW,56318,MONTENEGRO,RS
ahksLpNV4yxL,4520,OIAPOQUE,AP
ijDbkowzzvla,64014,UMUARAMA,PR
rBmmGx5m0s3l,38800,"RIO DE JANEIRO",RJ
RMwqvDrgYgGT,66810,ERECHIM,RS
Hi01EpD34pAx,46580,"BOM JESUS DOS PERDOES",SP
fZXHp5xlk2lB,5594,SOROCABA,SP
h5M2qQMpo7IO,98360,"SAO PAULO",SP
RBaE89i4jtkt,75110,"SANTA MARIA",RS
z83QKCsPGom7,11035,"SAO BERNARDO DO CAMPO",SP
l8YIlXelyVQT,5081,"CAMPOS DOS GOYTACAZES",RJ
DPmNCGVmb3JL,24456,"SAO PAULO",SP
SPDVyOG3XC2q,5087,MAUA,SP
7GuCypHp1LXh,1501,UBATUBA,SP
J6iBACSg6wek,4282,"RIO DE JANEIRO",RJ
TBuWQoM0yvIX,94940,MARILIA,SP
9qT9QM6Q7xfP,4291,TUPACIGUARA,MG
YU0rpw2jgErq,47450,"SIQUEIRA CAMPOS",PR
RG60SC3HpJFu,19030,"MONTE CARMELO",MG
bOki1niuWxWa,3925,"SAO BERNARDO DO CAMPO",SP
Uuzp0E4iXjSN,38706,VITORIA,ES
fTaLRs8nxmSB,48355,ITAPIRA,SP
QjCP8RYOPJJX,66040,"RIBEIRAO PRETO",SP
f77yOhMd1xW9,58046,"SAO BERNARDO DO CAMPO",SP
1uFWQ4jQ4Zam,75110,"SANTA MARIA",RS
jMZfSMZgF6hX,94814,"VARGEM BONITA",SC
JJFud3DqP7vz,29192,"RIO DE JANEIRO",RJ
Iar2fHjl0DPU,27279,CAMPINAS,SP
zzUOpGlgMNjc,88970,NATAL,RN
0Ty7T0JON9cm,36820,"SAO PAULO",SP
JmHXPiIvN7lm,79645,RONDONOPOLIS,MT
Ln88Y1UDJhdN,33120,"RIBEIRAO PRETO",SP
PlBKjkADFWbt,73081,"PORTO ALEGRE",RS
sKap65xA8GYU,83900,LONDRINA,PR
DGt4S4F07wav,3478,"SAO JOSE DO RIO PRETO",SP
K9buFS1dnaQP,4920,PICOS,PI
inMGvoLcUIt9,28630,"SAO PAULO",SP
qE4dsQzqW6r6,7053,"SANTO ANGELO",RS
ZqG6kzNwyrMS,79134,"BELO HORIZONTE",MG
yZUx9tI2jiWy,85027,URUGUAIANA,RS
QOBvEFYNKiqw,70670,ALEGRETE,RS
hCI27tysTJ09,51170,BRASILIA,DF
ootmEOCdhQHY,85863,ITUMBIARA,GO
zAIIzzxbldYn,21240,BRASILIA,DF
3xt1r0St9uNF,89865,"SANTO ANDRE",SP
vfFTciBIIXeA,36335,MUTUM,MG
i3293xZlEfnn,2273,"SAO PAULO",SP
43jrSjnnQREB,45823,IMBITUBA,SC
BgLffwd51W4l,88505,"SAO PAULO",SP
s0zVN3E6OEgt,21833,"TABOAO DA SERRA",SP
0H16NfXfohfl,74150,RESENDE,RJ
Fw6fdXYkNH5v,70680,"CABO FRIO",RJ
tXJpjhCpLaIY,58865,IBIRACI,MG
9SUym4roZb4w,37474,SERRA,ES
dKNUSBVWmopd,60331,VARGINHA,MG
lGzXeKmQN3HY,5568,"FEIRA DE SANTANA",BA
1YFZc1rfTcMq,24426,GUARUJA,SP
GDSkPjcgysBb,6097,GUARULHOS,SP
osv9KbO1HnSO,18055,GUARULHOS,SP
diDe55MNfvPX,88134,"JABOATAO DOS GUARARAPES",PE
pVewQkOYRO3j,37140,PINDAMONHANGABA,SP
vBQOgCSYjfrP,4912,"SAO GONCALO",RJ
WiEkjY5UTTMA,44004,"BALNEARIO PICARRAS",SC
H0DgvHZr5pjV,78690,"SAO PAULO",SP
sCvdwMMHbNl8,30535,"SANTO ANTONIO DO AMPARO",MG
vDsIV2weCtm1,94185,LAGES,SC
1EUHvFcijdsM,3388,"SAO PAULO",SP
y4AvylTmVdfJ,4536,PARANAPANEMA,SP
hiXopmkxZ2ze,48730,PARACATU,MG
FSG0yNAXOdcg,26572,PERUIBE,SP
BpvvT5vfjINE,3195,MIRASSOL,SP
V7dN7xhJQvnC,84264,"JUIZ DE FORA",MG
vr8rBfgkymc1,1534,LAVRAS,MG
kpXVDOwT9nV4,8412,"SAO PAULO",SP
8K3Lw5zbxKpl,78243,CONCORDIA,SC
kLSn4fMs2rdI,58801,COXIM,MS
yyEbhbdq5Mcw,15502,"RIO DE JANEIRO",RJ
dsKqkLEfaCf0,4556,NITEROI,RJ
e7QrnOt3hrMu,37245,FLORIANOPOLIS,SC
bGl257PxK3ca,89520,"ARTUR NOGUEIRA",SP
Y9TJGF0s7phE,56520,MARILUZ,PR
bDg2TXrMJm8f,78240,TIJUCAS,SC
vcIHS5auvMey,5348,"RIO DE JANEIRO",RJ
oky2k4tFAuAI,1534,LAVRAS,MG
e2E1NzVZDUJ1,64465,"MOGI DAS CRUZES",SP
AZsRC4BXay1G,76650,JALES,SP
3jOc1sbVk0f0,14800,UNAI,MG
gWY0oON8DQU9,96900,"SANTANA DO MUNDAU",AL
YEMXgEibSALo,86700,ITUIUTABA,MG
zAE8S7LfglLd,36087,BRASILIA,DF
bw2zPdSLEyyK,78525,COTIA,SP
HYJuX5aGR8CF,13454,"SANTO ANDRE",SP
FeUakjBAD9Lc,76387,"SAO PAULO",SP
uCxZ3UwMmdr6,95044,"RIO DE JANEIRO",RJ
8Wj9lzQ3Txsa,87305,POMERODE,SC
hWvCosSQQD5r,89108,TAUBATE,SP
gzhWxvn1R8pz,5331,ALVORADA,RS
CHfM4T48xp4Z,59075,TIMOTEO,MG
l4JBflOHRFHl,88914,"SAO PAULO",SP
FPjK0kEjGP2r,95995,"SAO PAULO",SP
n7M4NrZVTaIC,36750,"SAO PAULO",SP
YR7UyIdV79qc,68580,MARINGA,PR
wwJojBc7Sdf3,60712,"SAO PAULO",SP
HHWjhM1CLhpC,56750,"BELO HORIZONTE",MG
gAX2LQAC8mfo,58620,MACEIO,AL
uNa7ITQX6xgU,4734,"RIO DE JANEIRO",RJ
hgnRHKPhbRiW,5331,ALVORADA,RS
mMdu2s0fLcYE,58034,"SAO PAULO",SP
uT7xPFW6PRPr,7704,"SAO PAULO",SP
awDgGCaQ8T3k,4277,SALGUEIRO,PE
KKAt7ps4HXiM,88113,"NOVA IGUACU",RJ
n2Sqem6AMVVS,72545,"APARECIDA DO TABOADO",MS
pJjyhJumGneo,4877,CASTRO,PR
ty8vfsrAaWSG,18707,FLORIANOPOLIS,SC
lO455NJefApb,12230,"MARECHAL CANDIDO RONDON",PR
lV8mLQmpPgkX,88535,DOURADOS,MS
2XqyaYiF4QEB,88904,"JABOATAO DOS GUARARAPES",PE
aVuoWH4tAaXk,18685,"POUSO ALEGRE",MG
7CHNVfbyunRo,79150,"PORTO ALEGRE",RS
Ogni9hhbqnhz,37578,"BELO HORIZONTE",MG
uv1lu3iYm4BF,74935,"SAO PAULO",SP
8ler2xCM8F3s,44500,OSASCO,SP
I3sNkU4jiVVD,31515,"RIBEIRAO DAS NEVES",MG
yh2hXBpmIM0c,85555,BRASILIA,DF
O99voQPas9nj,4387,"BELO HORIZONTE",MG
hnBM13GJdFHF,27935,"BELO HORIZONTE",MG
hlfMsFqwhFU2,28625,CARAPICUIBA,SP
6zfmbtbMfgBl,2185,JUNDIAI,SP
AklyaLKb9GcH,11045,"COELHO NETO",MA
v1K11KttcH08,4782,ITANHANDU,MG
MNyIjM6mrvOx,1152,ITAJAI,SC
M81Gl5x69wLA,95853,"SAO PAULO",SP
Y2c1bvdgbKq7,4408,MACAE,RJ
Ou01BJey7J6U,6763,"CAXIAS DO SUL",RS
rejcRM1RLu86,7860,CRICIUMA,SC
IbCDbrpkyFZY,58402,"NOVA FRIBURGO",RJ
Dr9kXN7tbFlL,1440,"SANTANA DA VARGEM",MG
qDEg4f8lLsna,36280,"SAO PAULO",SP
XkKfSL80hHnI,4470,"TRES CORACOES",MG
GKnNpgdoMoXN,1426,"SAO PAULO",SP
8QE2grxuz8Lb,46540,"DUQUE DE CAXIAS",RJ
I2hhCK5mWh26,13467,"BELO HORIZONTE",MG
NlBPIkNQTMZH,45613,"SAO JOSE",SC
liHt3QyJHSR1,26286,"SANTA BARBARA D'OESTE",SP
PTVuiy0l8Krn,89667,MACEIO,AL
6V33zGbtb9rY,7991,"RIO DE JANEIRO",RJ
Zqnet4Y6TFnn,88658,GOIANIA,GO
ns8dqOC4605T,23095,MACAE,RJ
6QLdn17OAHjs,12443,"EMBU DAS ARTES",SP
PnsG32Q5j5qS,59290,CAMPINAS,SP
G4qsf0r6yVLX,76160,CARAPICUIBA,SP
eDOgixul4f7o,89805,"POUSO ALEGRE",MG
ZqK8czFnaTcX,92420,"PORTO ALEGRE",RS
zMAgNkSP6kuU,61936,URUGUAIANA,RS
nFcQWscNR4hE,89065,"SAO PAULO",SP
TF1vnJcUwTqK,65500,"SAO PAULO",SP
LimeENYhFjEa,2752,"APARECIDA DE GOIANIA",GO
n0NZeUsoJu28,9171,GUARULHOS,SP
LbHv9ApMSzSG,88040,"SAO PAULO",SP
vGZMugYUjE4z,74450,DRACENA,SP
2DfE9SSQcNYf,47990,"RIO DAS OSTRAS",RJ
k0VTsXQJnm4i,7064,DIADEMA,SP
4r1yc7DMU7AD,65706,"SANTO ANTONIO DA PLATINA",PR
dCVe8vFTEuXm,39928,CARAGUATATUBA,SP
guDs2ev62mem,6693,"CAMPOS DOS GOYTACAZES",RJ
0l60bQ5yEJGN,75106,"RIO DE JANEIRO",RJ
cASvbyZBCqql,18108,"BELO HORIZONTE",MG
XV4tPJbgR9R8,2034,ITOBI,SP
Z6yjXOU4nKF3,49480,ALVINOPOLIS,MG
Hmy8ykw5ycZM,6298,BRASILIA,DF
5YNt2PEOrZ34,39802,"RIO DO CAMPO",SC
UZEhISoq8ueX,83511,CAMPINAS,SP
lSskA8S4TdaG,24750,SALVADOR,BA
yvamuiQAVC7m,58225,PIRAJU,SP
vHuceOMkaz0e,8330,GUARAPUAVA,PR
lSpnvfmgOQGp,57520,"SAO JOSE DOS CAMPOS",SP
uCteKVR4EvFp,39350,CACHOEIRINHA,RS
6riI5MagMzz8,65380,"RIO DE JANEIRO",RJ
xkVRkI6zie3s,70648,"SAO PAULO",SP
RasIQsKW8vaQ,79700,"ARRAIAL DO CABO",RJ
H8HB4jn16tF3,59160,PIRACICABA,SP
V9jOFDZStm7B,5683,FLORIANOPOLIS,SC
f3tQ5clHmW8B,75713,OSASCO,SP
cjudD3Se4ESU,85640,CUBATAO,SP
uTk1QCVIbXCr,35043,ILHEUS,BA
SXd8VhNNmpAf,3474,"BELO HORIZONTE",MG
47IXLzqaKaOU,9671,"CAMPO MOURAO",PR
hwujEx6yEWSx,7804,"SAO PAULO",SP
LouVALViYxXU,5018,TAUBATE,SP
MX2FUzuTx5qx,29192,"RIO DE JANEIRO",RJ
iAreEv8lNDr3,11090,DIVINOPOLIS,MG
7RCoVKlqqWRT,12289,"SANTO ANDRE",SP
zTMKFN8BbSXb,83411,CURITIBA,PR
9zf1QR7auJvP,9603,MANHUACU,MG
kuE9C05gnF1K,5619,MANAUS,AM
8speclCQUMg8,92425,"SAO PAULO",SP
ISPEFePMKo7P,88545,"SAO PAULO",SP
zaPtja6MYA5J,32143,"SAO PAULO",SP
veYwXd8mAl90,27640,"PRAIA GRANDE",SP
naaFqag30M6b,7044,BRASILIA,DF
HyQWa9JB6EzN,4425,"SAO PAULO",SP
TNZyCRGx8cwH,5184,"MIRASSOL D'OESTE",MT
pDhxfGQVhgbf,13525,CURITIBA,PR
souxJyMdBzrL,38745,"RIO DE JANEIRO",RJ
cM5JLKkubjH1,13408,OLIVEIRA,MG
T6tP8MYJoFIM,35180,"RIBEIRAO PRETO",SP
5DNiK9a7EW04,8501,JACARE,SP
5PgJBTfg3Gh5,36883,"CAMPO GRANDE",MS
G3V3tTMPngfQ,70324,NANUQUE,MG
Li9DM4PDyN98,23070,VITORIA,ES
FTRbApAzfuoW,74013,"MOGI DAS CRUZES",SP
sM05zgOCxBTb,28390,HORTOLANDIA,SP
fiFRiJQKLt6G,27267,"SAO PAULO",SP
L6Z4ZAxWROK8,26310,"SANTOS DUMONT",MG
HQVr93nXd1z9,75703,APARECIDA,SP
FKhMDy7SAxG5,27285,"SAO PAULO",SP
L0nOymowC3w0,23520,FORTALEZA,CE
gDzQrSawk2gS,8579,"SAO PAULO",SP
wryBRBc5ERW6,4153,"NOVA ODESSA",SP
z4hct5dOTviZ,88180,"NOVA IGUACU",RJ
TwABNEpphglu,11082,"RIO DE JANEIRO",RJ
w2gw6Xj97bqI,72145,CURITIBA,PR
rPY56sIci34X,4068,"RIO DE JANEIRO",RJ
9EtoXci6JHjG,3553,NITEROI,RJ
Y46BJY5B4um4,15108,"PORTO ALEGRE",RS
NhdccnwPDb1q,89063,CRUZEIRO,SP
QYHKpYLr3lFN,85065,"SAO PAULO",SP
ihE1wKQKc79I,36976,CONGONHAS,MG
UZDYLERt9CLO,2917,BRASILIA,DF
Y4r5tLegnq3f,89670,"VOLTA REDONDA",RJ
SCnP7DqMWw2d,3146,"NOVA IGUACU",RJ
iJIvh01Zftnn,9260,"SAO PAULO",SP
AKemUbI9pN6X,48730,PARACATU,MG
zffpwhmdS4Pe,5010,MALLET,PR
XNhPwjuX8ZoK,58115,"SAO PAULO",SP
eK2LElOgl6LE,88340,"BELFORD ROXO",RJ
N0Pqd3I1CA21,1016,"SANTO ANDRE",SP
bcFw7515N5tn,4571,NILOPOLIS,RJ
GRAGEVnW1wi3,70239,"VITORIA DO MEARIM",MA
xJnc1n7U3trm,12324,ARARUAMA,RJ
bqivsM0taZGb,89670,"VOLTA REDONDA",RJ
zmvp9NXAtAy0,15380,"SAO PAULO",SP
fY4YaGXj3U7T,63112,PIRIPA,BA
hYfytmqxuaNq,4142,BRASILIA,DF
nc7I8LTZIDBB,1223,ITAPERUNA,RJ
tlV8dBDF1SRv,59108,"PORTO ALEGRE",RS
ZfFKAQ7f6Pbp,95090,CAMAQUA,RS
sdP9WlbTJOJp,77820,BARUERI,SP
jX80CuUVyoHW,15102,"VILA VELHA",ES
HIP1Cgf6KPKl,3513,QUEIMADOS,RJ
qApDE92jvNhi,6612,"SAO PAULO",SP
GaU3kWhXgrWP,59090,"SAO PAULO",SP
Fih8HysocmIq,45570,"SERAFINA CORREA",RS
ng6NSI1eRvxL,76600,"CACHOEIRO DE ITAPEMIRIM",ES
hkFssTp89yI2,7813,"SAO PAULO",SP
3hf5tCWjK6MJ,13340,APUCARANA,PR
7k0GwfDT4jP1,15490,CURITIBA,PR
7v77D9zClhCr,8372,FORTALEZA,CE
xUcn3bIBgNp7,18405,"BELO HORIZONTE",MG
YEyAVgpBsN0b,5664,SALVADOR,BA
p7b7I3muNhdK,29290,"RIO DE JANEIRO",RJ
jqFP0TE8m4J7,5110,"SAO PAULO",SP
xJheLgQc94mZ,71915,CAMPINAS,SP
iAarv7CuF5TW,25926,"CICERO DANTAS",BA
Y0hdgzXncU6k,63630,"SAO PAULO",SP
2hmWgrqVIhXf,15020,OSASCO,SP
kStZIePS9I5h,4651,"BRAGANCA PAULISTA",SP
A6wZAO63dQao,3951,CASTRO,PR
QD2zu4UHhmPU,95555,CAMPESTRE,MG
eEQyMmbOTkGb,3809,"SAO PAULO",SP
0fOO2mZOjk2t,23932,SALVADOR,BA
4H6TcktDaoAl,89180,VESPASIANO,MG
ILRBiAHt67IY,2306,"SAO BERNARDO DO CAMPO",SP
aL0msl1ytvED,25255,"SAO PAULO",SP
9wwvsHvnQn2r,39645,SANTOS,SP
j3FwCDC6f2EU,12400,"SAO PAULO",SP
652Npo9c3PhE,9443,GOIANIA,GO
wlvLRDRS5HiF,21863,SOROCABA,SP
6GX0hdeqMkZq,58324,"SAO JOSE DOS CAMPOS",SP
wiKujNxkPmyJ,29162,"RIO DE JANEIRO",RJ
k1TBQKHfMj0T,68180,"SAO BERNARDO DO CAMPO",SP
BFjHO2fF2wux,7727,"SAO PAULO",SP
kKdxIHYkb1Vx,13186,"SAO PAULO",SP
1nLLftefFIbw,65415,"PORTO VELHO",RO
MtWjQbMZ8a2L,77670,DIADEMA,SP
07NV2sCjlXmX,39363,"PRIMAVERA DO LESTE",MT
oUL7WN68rZ4O,12509,CARIACICA,ES
JmePYMIuvOib,25940,"RIO DE JANEIRO",RJ
ps4ULYlsmU6S,9121,PETROPOLIS,RJ
7AwqNy0OO60V,13995,"SAO PAULO",SP
YV8OyDUJA7ao,7716,"RIO DE JANEIRO",RJ
jp2Nug3l5lkz,56460,"SAO PAULO",SP
xPwGuBE0GMhF,44255,"SAO MATEUS DO SUL",PR
SUjbxnAoyscv,6602,"PATO BRANCO",PR
b0KB25cGyJpW,18360,BRASILIA,DF
ZPoTV2UqbVTr,1501,UBATUBA,SP
cxWMg0JZnyX8,94451,"SAO BERNARDO DO CAMPO",SP
EUpwtfvt4eom,57608,CARAZINHO,RS
gbvJQly3gDE0,89110,"RIO DE JANEIRO",RJ
8eR3ZH6sJQoO,1237,FRUTAL,MG
Wmxu2GgbjF21,18108,"BELO HORIZONTE",MG
p1AefppaSZWG,91790,"SAO JOAO DA BOA VISTA",SP
bUNGJNRjlHiv,74315,ITAMBE,PE
dhreH2V22PAP,89082,CURITIBA,PR
wnDrMqf9Ml77,49960,"SAO JOAO DEL REI",MG
crrEApmMtLVF,64804,PAULINIA,SP
y7dpM3WNGcxg,3185,FLORIANOPOLIS,SC
Jn0XZESv48Jj,29138,"TABOAO DA SERRA",SP
YhTmJ5kGSpua,3904,"SAO PAULO",SP
2BifBCDIDlu9,77022,SALTO,SP
8PghUYQRqo8E,8589,"SAO PAULO",SP
mF78nJbfW1x2,44076,GUARULHOS,SP
jJEOSPyPa30f,28892,"SAO BERNARDO DO CAMPO",SP
NySZzeWddlHY,35350,BAURU,SP
8A9dbcmFUClV,75064,"JOAO PESSOA",PB
1M7KDo1FzgX5,39598,PENAPOLIS,SP
QaROn33U0BD8,80740,RECIFE,PE
MSpfa7GAqoeg,23555,"PASSO FUNDO",RS
LlTEmpnhd45A,70278,IPATINGA,MG
6XWZH4msyZll,29708,GUARULHOS,SP
g5gTRsgN8xF9,89970,IPATINGA,MG
Job3QmLmNKQF,88320,"SAO PAULO",SP
Zh2s00kNENI7,99460,SUZANO,SP
YA5zhJbEzS6o,60742,"POCOS DE CALDAS",MG
qcWCSWYrwQ8w,85950,"RIO DE JANEIRO",RJ
5iOrcABwOjNJ,75340,"NOVA IGUACU",RJ
CrBsUKoPomvj,74125,"PIRAI DO SUL",PR
AeKFbJd8fOWN,8320,"RIO DE JANEIRO",RJ
0P7dqVuRZJIV,72602,SANTOS,SP
I899TNYlae38,69010,ITAPIRA,SP
Opcs8B6zBPJm,2523,"SAO PAULO",SP
xPzUEMqndYaD,6606,RECIFE,PE
CFtN7skdQwEd,49535,"CELSO RAMOS",SC
PJx6Z3DuMsFN,23550,MATINHOS,PR
MCivPfmeAlAC,74810,GARANHUNS,PE
hSthLRynQ7HO,41220,ITABAIANA,SE
oj0YKv0d13qr,3912,ITAJUBA,MG
fRN17RZ5KrQp,75072,BELEM,PA
odKdJU4DizNE,11346,"BARRA DO PIRAI",RJ
GcM5148FxCFd,2280,"SAO PAULO",SP
UpJVd0TbQ5Vd,36884,COTIA,SP
AbboHGfoKqHY,3703,"SAO PAULO",SP
3eozKESgdMss,53160,"RIO DE JANEIRO",RJ
iUztBLBFQJLp,4911,ATIBAIA,SP
HcmWROVEZPkC,97340,SALVADOR,BA
8cjMuwchWs9m,67015,CURITIBA,PR
r3dflqvtAGG4,49009,"VARGEM GRANDE PAULISTA",SP
6jJFVOsUa1Op,3820,"SAO PAULO",SP
kX9WPwXQ3Hdr,87390,"SAO JOSE DOS PINHAIS",PR
Zqi54Mc0b0C3,76530,CARAGUATATUBA,SP
mSexhoFY6D3N,50720,"SAO JOAO DE MERITI",RJ
YtdoPCgHmRx9,95010,"SAO PAULO",SP
dY4XzINOjriF,65606,"SAO LUIS",MA
LmxeOUTyOPuo,75140,"RIO DE JANEIRO",RJ
dfz3GYaFUor2,57820,"JUIZ DE FORA",MG
LDJjghyQmr0B,47806,BARUERI,SP
IrUwiBcm8O2R,4703,TERESOPOLIS,RJ
Dv9pLwY7a970,12233,"PORTO ALEGRE",RS
0V0TawCxEPwF,25571,CARAGUATATUBA,SP
WyjUdIPdMYrc,59330,OSASCO,SP
55WMJ4D3SLSF,2533,"RIO DE JANEIRO",RJ
UGcvzEoJjWkM,20050,FORTALEZA,CE
cckCy3XOtiAn,65665,VOTUPORANGA,SP
KvdFuY40WZS1,65220,PEDREIRA,SP
bwbNUFlCU0jZ,46550,"SAO PAULO",SP
vcS44tPQyru7,62030,"OURO PRETO",MG
qdEtgLJsmdqo,83602,BRASILIA,DF
01yExsOVxdY9,96835,"CAMPO GRANDE",MS
7FO9d3jDVbRN,4150,GUARULHOS,SP
HbMu21yD1mj2,2018,BRASILIA,DF
fzfKWDyT24Nb,59075,TIMOTEO,MG
3ZBxgbdqne8O,66115,JUNDIAI,SP
14Mue1eyKbc0,11664,"RIO DE JANEIRO",RJ
j5NNH4EsIIyd,6515,GUARAMIRIM,SC
IG7rzLeLMcnp,68374,UBERLANDIA,MG
rCcOGfpotG6p,44089,MACAE,RJ
MPD0HmnLNxet,17602,"SAO PAULO",SP
Qv7jgMCxIeq4,5590,"RIO DE JANEIRO",RJ
3kQWzLOYxtTA,68275,"NOVA FRIBURGO",RJ
JVrQ2VJh81oX,12241,MARACAS,BA
p9AXDkMtDpjZ,36507,"SAO PAULO",SP
UeENv46GJxiZ,12800,FARTURA,SP
8mDsB4OOMNfg,3683,JOVIANIA,GO
rjimoDcEt8Pt,99460,SUZANO,SP
4AQMeOoTqsqb,40450,"SAO PAULO",SP
MoyHVpoL5bdZ,15110,CAMPINAS,SP
8VYhdjrdgOek,58429,REGISTRO,SP
yLKjV98DWoLW,2632,"RIO DE JANEIRO",RJ
Ob2gaTrGGwYo,20921,"SAO PAULO",SP
RenHLCQN1wYT,29718,"FIGUEIROPOLIS D'OESTE",MT
bmSORv4C57LJ,44035,"RIO DAS OSTRAS",RJ
aVoQigEFi9IZ,5406,SANTOS,SP
HJBWSCOuMXzI,36039,"SAO PAULO",SP
BSOXDFu2tyL9,68180,"SAO BERNARDO DO CAMPO",SP
uvsZPBJAAnGP,21862,"SAO PAULO",SP
T1g4D0hUa4ol,94820,BAURU,SP
yus5Tk9fvioI,15038,"MOGI DAS CRUZES",SP
EV8Tq4hATCcN,75094,CAMPINAS,SP
gC4H6rK18yto,4614,NATAL,RN
MfFqNHZGl637,1250,"RIBEIRAO PRETO",SP
YNAUQvWYBTqR,41815,"SAO PAULO",SP
YV9EJpXTNjCq,78635,"SAO PAULO",SP
ujkGX9H0dqU8,88067,BRASILIA,DF
g62WYaAuGBUN,37264,"EMBU DAS ARTES",SP
06pCqFhhIZLy,59310,"SAO ROQUE",SP
AWU8pP5bJJMI,73350,"VOLTA REDONDA",RJ
djqbfY3XxHeP,30493,LOURDES,SP
UyguM8xzUCMC,14340,"SAO FRANCISCO DO CONDE",BA
Qw5ktC9BdrGP,45012,"CAMPO GRANDE",MS
1OLn1DviJUNF,5319,DIADEMA,SP
EG63LRgck6z6,57820,"JUIZ DE FORA",MG
eZ2QwZHfCGWi,56828,"BELO HORIZONTE",MG
3lw11t7P3AQA,2327,"VILA VELHA",ES
OvzGuuAvzJ7U,68925,"SAO PAULO",SP
dJYQ6bHnBQ11,23093,"SAO PAULO",SP
q7ToKF4jkq7h,85863,ITUMBIARA,GO
SuEetk6FNx7I,13053,"SAO PAULO",SP
tsKW7rvadLlW,94451,"SAO BERNARDO DO CAMPO",SP
QZ52iFZb7ssX,2143,"SANTO ANDRE",SP
LqAab4jsjhAT,58396,COSMOPOLIS,SP
rEb4J0VjCnUc,35125,BARUERI,SP
cP62So2XaOFH,75901,"SAO PAULO",SP
a7wTbXxJmxuP,30660,VITORIA,ES
bEte0uvbMCe6,87033,LONDRINA,PR
NHXEqyVmAj4u,4690,GUARULHOS,SP
Shqvo5MXoaSF,3947,BRASILIA,DF
NOPvodGtSWL7,83411,CURITIBA,PR
FQZEbXekxQXu,26051,FLORIANOPOLIS,SC
lhHIlmvU27Sy,86480,"PIRES DO RIO",GO
s6AqfwKyJUTJ,70070,"APARECIDA DE GOIANIA",GO
RtCXWMoB9iF1,37131,CAMPINAS,SP
UQQil7hWk9WB,18601,"SAO PAULO",SP
pQmtbqRbp8hA,6826,SERRA,ES
GCZIpyNR5XCY,3960,CANOAS,RS
fkEVnoCdNa4Y,71915,CAMPINAS,SP
GpRoC38VBwx5,65040,MARIANA,MG
AA2BxfNjLswt,47960,"SAO PAULO",SP
VaJYudteuolm,64078,PAULISTA,PE
10zQ853fOaeM,2611,JAGUARIUNA,SP
VCEZ6fb1JDRc,58429,REGISTRO,SP
YUahHrQhniJz,3345,"RIO DE JANEIRO",RJ
dqtN12wDAz0b,72243,"RIO DE JANEIRO",RJ
3mHMq0IGLKMe,64807,"SAO PAULO",SP
1RCBdPHRuZ0P,8578,"SAO PAULO",SP
mUw9RJcEtdHH,7813,"SAO PAULO",SP
24cPcxmczMJh,3164,CACADOR,SC
2QOp2Z7Tapu3,23911,"RIO DE JANEIRO",RJ
XwdVevUsQ2Qx,39645,SANTOS,SP
FGMd1bftqK9d,8071,"SAO PAULO",SP
8tbNW5AiziGe,72010,ITAQUAQUECETUBA,SP
6gyv2KS0ffhv,96490,"BELO HORIZONTE",MG
FIU2cFWUt5zC,27170,BLUMENAU,SC
5Ve4KXjF8SY9,69307,"ELOI MENDES",MG
YvkhSuj2eBmy,16056,"RIO DE JANEIRO",RJ
Ow48gDAgeYkw,39735,CAMPINAS,SP
vG1sL8pa2pFt,59970,MORRETES,PR
yOiaN7MVIJIR,2614,"BELO HORIZONTE",MG
2wr2CgN6k29e,12523,"RIO DE JANEIRO",RJ
FUA5RrGXdpoQ,60346,UTINGA,BA
lZmeikkh50Ui,77780,VITORIA,ES
PMjUQ4651gRO,48730,PARACATU,MG
DyYYqf6uFMW5,70278,IPATINGA,MG
rufLQH6H1xPf,3953,BRASILIA,DF
aJegfEGwzhoU,26250,"OURO VERDE",SP
56jMOZG4rQP5,39723,EXTREMA,MG
lWzYRvuVxiwb,2918,CARAGUATATUBA,SP
3ahFjQtUL9Wx,2611,JAGUARIUNA,SP
MIkgcSKxfTV8,76890,"SAO PAULO",SP
cDaB8hhu4Evf,72150,RECIFE,PE
igYrJOJHhG6t,5421,"CAMPOS DOS GOYTACAZES",RJ
u8481rQYNNbQ,17502,"NOVO HORIZONTE",SP
fjQWtDtF0SRY,31030,"RIO DE JANEIRO",RJ
G6woP8zKr8HB,89520,"ARTUR NOGUEIRA",SP
XEuPQVfZHjw9,48440,"JUIZ DE FORA",MG
MDkZPEf8fTey,55641,FRANCA,SP
XMYZO6Vifb6C,30570,"BELO HORIZONTE",MG
ghIwEN7fqKte,74463,"LAGOA DOS GATOS",PE
N39rH4CLpIH1,6767,ITAPEVI,SP
Cw6OqPDEBHV8,7075,"SANTANA DE PARNAIBA",SP
ucjwgNZq1PGK,89065,"SAO PAULO",SP
wtvKCZpt2tju,4429,"SAO JOSE DO RIO PARDO",SP
Pr6yJkCEvKhq,38150,PIRACICABA,SP
VoZepIqEyqqU,48780,COLATINA,ES
wcWuF0h7BzmI,3064,"VILA VELHA",ES
Z8hOEXGkPeQr,13844,SALVADOR,BA
t4MaFpGx8zmw,26650,BRASILIA,DF
epEYTUs3YlnV,20220,MACAUBAS,BA
OJNkouL4x5Hr,22080,"CACHOEIRA DO SUL",RS
sYjXyi8MuQH8,7914,"SAO PAULO",SP
NE4bHVMUPDCp,9614,RECIFE,PE
QoXwzg2dk8wl,5512,RECIFE,PE
cjDFIptFJ6Kr,72150,RECIFE,PE
aQ9vXa8Qs58L,87390,"SAO JOSE DOS PINHAIS",PR
EU4GKxbeag3d,85670,MARINGA,PR
p9BWcf0Zj0gm,66110,GUARULHOS,SP
jOc7uBDQ27ce,30622,"SAO JOSE DE RIBAMAR",MA
e0ihATDpEYXE,96445,BRASILIA,DF
HDO30l262L0w,6110,TAUBATE,SP
rT4CW1pIM3kR,8686,"RIO DE JANEIRO",RJ
7bi43KhLIxEF,31814,BERTIOGA,SP
YC4mwSkmuQJu,58043,COMODORO,MT
qFsfp2mE46yN,36307,"SAO LUIS",MA
RcE7xZ6TKXEI,23030,"BRAGANCA PAULISTA",SP
H6duVl3PuOTZ,3505,"SAO PAULO",SP
3yDqvrLTymv0,16402,CAMPINAS,SP
hBQWAPmqUeDo,70385,BRASILIA,DF
fHSkvHPp0fyy,27215,"SAO PAULO",SP
PSh0GzgABbPt,68503,"SAO PAULO",SP
clbGHqIdrUUB,89828,"RIO DE JANEIRO",RJ
wJ2Nay88f72M,4617,"SAO PAULO",SP
tz7oPQR3azR1,15042,CURITIBA,PR
OOjtVVGceFxs,7150,SALVADOR,BA
rh7Z5xEGBJCh,30644,"SAO JOSE DOS CAMPOS",SP
L9STtB3mnNCB,69007,"ENGENHEIRO BELTRAO",PR
jiYJauIeeGBb,39874,INDAIATUBA,SP
WAxky7kqxB6i,9030,PETROPOLIS,RJ
KUutNSJVItwC,29706,CABECEIRAS,GO
iIT8Ghn6qWzN,3308,ARACATUBA,SP
FzjEFaeU56H4,24723,SARANDI,PR
MGesOJCM17PS,16078,AVARE,SP
CIhT7ZKPdzQP,13876,"SAO PAULO",SP
R8E1sVESfc4P,4277,SALGUEIRO,PE
HPo0qyASiDKj,80730,"SAO PAULO",SP
ojxpeOJWtC7P,24119,CONTAGEM,MG
0I86nnNgk2y4,28995,SOROCABA,SP
Hn0RR9ObZgrk,32043,OLINDA,PE
BFyivwYW3aJT,57030,BARRAS,PI
gZMGFTqVBHxM,4205,"RIO DE JANEIRO",RJ
xIBVbdvQJ6wD,5569,"BELO HORIZONTE",MG
qWPQaH2zO7cj,15440,"SAO PAULO",SP
WZ51VFWXXblA,4195,SANTOS,SP
muMp31kxx8UG,35685,CUIABA,MT
HODwIa6gGN3l,12229,"BELO HORIZONTE",MG
ILQ9aesdSkUQ,38405,OSASCO,SP
J6NCsZ0UCHeX,22250,"RIO DE JANEIRO",RJ
xZS4fXYJoEdX,4308,"RIO DE JANEIRO",RJ
I4Y9fkUNde7u,14800,UNAI,MG
PmAwJHGXWu74,39817,"CASIMIRO DE ABREU",RJ
iMt2OfYRPb0e,87380,"CERRO AZUL",PR
I3Eg99CbkPfX,80820,"SAO SEBASTIAO DO MARANHAO",MG
Dv5ulyyaqxWO,88905,"CONCEICAO DO ARAGUAIA",PA
ZxoSgg5uJdg2,84063,BARUERI,SP
